file,trial_id,training_iteration,test_acc,train_acc,train_loss,test_loss,batch_size,lr,train_params,date,json_line
"/storagenfs/a052721/AdaDiag/bayesian_search/forda/enhanced_rnnassembly/BayesianRNNAssemblyTrainable_2025-12-06_20-35-45/BayesianRNNAssemblyTrainable_ba858894_686_activation=relu,block_config=3,block_sizes=fn_ph_1dd10ec3,block_structure=identity,check_2025-12-11_09-41-53/result.json",ba858894,171,0.9546130952380953,0.951830231741573,0.12371321022510529,0.13994775546921623,128,0.06784736334217242,1416,2025-12-11_10-45-42,"{""train_loss"": 0.12371321022510529, ""train_acc"": 0.951830231741573, ""test_loss"": 0.13994775546921623, ""test_acc"": 0.9546130952380953, ""n_trainable_params"": 1416, ""lr"": 0.06784736334217242, ""weight_decay"": 0.0001766712145116371, ""spectral_radius"": 2.156416177749634, ""spectral_norm"": 2.1564292907714844, ""done"": false, ""training_iteration"": 171, ""trial_id"": ""ba858894"", ""date"": ""2025-12-11_10-45-42"", ""timestamp"": 1765446342, ""time_this_iter_s"": 16.0221049785614, ""time_total_s"": 3690.5180628299713, ""pid"": 2600913, ""hostname"": ""c4130-p100"", ""node_ip"": ""131.114.50.210"", ""config"": {""dataset"": ""forda"", ""permute_seed"": null, ""train_batch_size"": 128, ""eval_batch_size"": 128, ""block_sizes"": [18, 70], ""block_config"": 3, ""coupling_block_init_fn"": [""uniform""], ""coupling_topology"": 86.6497710283254, ""eul_step"": 0.1, ""activation"": ""relu"", ""dtype"": ""torch.float32"", ""decay_epochs"": [80, 160], ""decay_scalar"": 0.1, ""check_stability"": true, ""max_epochs"": 250, ""n_trials"": 1000, ""gating"": true, ""gate_bounds"": [0.0003852021740170165, 0.6698486142901453], ""coupling_rescaling"": ""unconstrained"", ""initialisation"": ""default"", ""block_structure"": ""identity"", ""model_mode"": ""standard"", ""lr"": 0.06784736334217242, ""weight_decay"": 0.0001766712145116371, ""lr_scheduler"": ""onecycle"", ""use_layer_norm"": true, ""use_attention_pooling"": true, ""root"": ""/storagenfs/a052721/AdaDiag/src/rnn-of-rnns/data/forda""}, ""time_since_restore"": 3690.5180628299713, ""iterations_since_restore"": 171}
"
"/storagenfs/a052721/AdaDiag/bayesian_search/forda/enhanced_rnnassembly/BayesianRNNAssemblyTrainable_2025-12-06_20-35-45/BayesianRNNAssemblyTrainable_a39b783f_524_activation=relu,block_config=3,block_sizes=fn_ph_1dd10ec3,block_structure=identity,check_2025-12-10_03-41-09/result.json",a39b783f,294,0.9532490079365079,0.962034761235955,0.10712542254477739,0.16853295183844036,128,0.04028514776767332,959,2025-12-10_05-18-13,"{""train_loss"": 0.10712542254477739, ""train_acc"": 0.962034761235955, ""test_loss"": 0.16853295183844036, ""test_acc"": 0.9532490079365079, ""n_trainable_params"": 959, ""lr"": 0.04028514776767332, ""weight_decay"": 0.00012303925273845156, ""spectral_radius"": 2.833858013153076, ""spectral_norm"": 2.8338584899902344, ""done"": false, ""training_iteration"": 294, ""trial_id"": ""a39b783f"", ""date"": ""2025-12-10_05-18-13"", ""timestamp"": 1765340293, ""time_this_iter_s"": 19.230750799179077, ""time_total_s"": 4889.783159732819, ""pid"": 2080178, ""hostname"": ""c4130-p100"", ""node_ip"": ""131.114.50.210"", ""config"": {""dataset"": ""forda"", ""permute_seed"": null, ""train_batch_size"": 128, ""eval_batch_size"": 128, ""block_sizes"": [13, 4, 29, 4], ""block_config"": 3, ""coupling_block_init_fn"": [""uniform""], ""coupling_topology"": 3.3234879621047, ""eul_step"": 0.1, ""activation"": ""relu"", ""dtype"": ""torch.float32"", ""decay_epochs"": [80, 160], ""decay_scalar"": 0.1, ""check_stability"": true, ""max_epochs"": 300, ""n_trials"": 1000, ""gating"": true, ""gate_bounds"": [1.9935268519695755e-05, 0.46984371210725034], ""coupling_rescaling"": ""unconstrained"", ""initialisation"": ""default"", ""block_structure"": ""identity"", ""model_mode"": ""standard"", ""lr"": 0.04028514776767332, ""weight_decay"": 0.00012303925273845156, ""lr_scheduler"": ""onecycle"", ""use_layer_norm"": false, ""use_attention_pooling"": true, ""root"": ""/storagenfs/a052721/AdaDiag/src/rnn-of-rnns/data/forda""}, ""time_since_restore"": 4889.783159732819, ""iterations_since_restore"": 294}
"
"/storagenfs/a052721/AdaDiag/bayesian_search/forda/enhanced_rnnassembly/BayesianRNNAssemblyTrainable_2025-12-06_20-35-45/BayesianRNNAssemblyTrainable_a663063e_171_activation=relu,block_config=3,block_sizes=fn_ph_1dd10ec3,block_structure=identity,check_2025-12-07_19-26-45/result.json",a663063e,142,0.9502728174603176,0.9388649929775281,0.15703217945992948,0.15051905479696062,128,0.03186779420797903,62502,2025-12-07_20-06-14,"{""train_loss"": 0.15703217945992948, ""train_acc"": 0.9388649929775281, ""test_loss"": 0.15051905479696062, ""test_acc"": 0.9502728174603176, ""n_trainable_params"": 62502, ""lr"": 0.03186779420797903, ""weight_decay"": 7.083838678434292e-05, ""spectral_radius"": 2.9455056190490723, ""spectral_norm"": 2.945493459701538, ""done"": false, ""training_iteration"": 142, ""trial_id"": ""a663063e"", ""date"": ""2025-12-07_20-06-14"", ""timestamp"": 1765134374, ""time_this_iter_s"": 17.595961332321167, ""time_total_s"": 2339.3203563690186, ""pid"": 1064609, ""hostname"": ""c4130-p100"", ""node_ip"": ""131.114.50.210"", ""config"": {""dataset"": ""forda"", ""permute_seed"": null, ""train_batch_size"": 128, ""eval_batch_size"": 128, ""block_sizes"": [246, 3], ""block_config"": 3, ""coupling_block_init_fn"": [""uniform""], ""coupling_topology"": 3.6739076911583433, ""eul_step"": 0.1, ""activation"": ""relu"", ""dtype"": ""torch.float32"", ""decay_epochs"": [80, 160], ""decay_scalar"": 0.1, ""check_stability"": true, ""max_epochs"": 200, ""n_trials"": 1000, ""gating"": true, ""gate_bounds"": [0.0004843094815250577, 0.3884915780459436], ""coupling_rescaling"": ""unconstrained"", ""initialisation"": ""default"", ""block_structure"": ""identity"", ""model_mode"": ""standard"", ""lr"": 0.03186779420797903, ""weight_decay"": 7.083838678434292e-05, ""lr_scheduler"": ""onecycle"", ""use_layer_norm"": false, ""use_attention_pooling"": false, ""root"": ""/storagenfs/a052721/AdaDiag/src/rnn-of-rnns/data/forda""}, ""time_since_restore"": 2339.3203563690186, ""iterations_since_restore"": 142}
"
"/storagenfs/a052721/AdaDiag/bayesian_search/forda/enhanced_rnnassembly/BayesianRNNAssemblyTrainable_2025-12-06_20-35-45/BayesianRNNAssemblyTrainable_b15a0e22_552_activation=relu,block_config=3,block_sizes=fn_ph_1dd10ec3,block_structure=identity,check_2025-12-10_07-10-18/result.json",b15a0e22,51,0.9502728174603176,0.954173981741573,0.11471440754830838,0.15363238834672505,128,0.08313069410354508,607170,2025-12-10_07-26-40,"{""train_loss"": 0.11471440754830838, ""train_acc"": 0.954173981741573, ""test_loss"": 0.15363238834672505, ""test_acc"": 0.9502728174603176, ""n_trainable_params"": 607170, ""lr"": 0.08313069410354508, ""weight_decay"": 0.00014977594081363836, ""spectral_radius"": 5.174365043640137, ""spectral_norm"": 5.174747467041016, ""done"": false, ""training_iteration"": 51, ""trial_id"": ""b15a0e22"", ""date"": ""2025-12-10_07-26-40"", ""timestamp"": 1765348000, ""time_this_iter_s"": 17.790034294128418, ""time_total_s"": 947.7659597396851, ""pid"": 2138583, ""hostname"": ""c4130-p100"", ""node_ip"": ""131.114.50.210"", ""config"": {""dataset"": ""forda"", ""permute_seed"": null, ""train_batch_size"": 128, ""eval_batch_size"": 128, ""block_sizes"": [206, 21, 113, 9, 69, 15, 207, 71, 250, 2, 13, 214, 3, 2, 52], ""block_config"": 3, ""coupling_block_init_fn"": [""uniform""], ""coupling_topology"": 14.207844881390848, ""eul_step"": 0.1, ""activation"": ""relu"", ""dtype"": ""torch.float32"", ""decay_epochs"": [80, 160], ""decay_scalar"": 0.1, ""check_stability"": true, ""max_epochs"": 300, ""n_trials"": 1000, ""gating"": true, ""gate_bounds"": [9.412964624872454e-05, 0.20096658192393776], ""coupling_rescaling"": ""unconstrained"", ""initialisation"": ""default"", ""block_structure"": ""identity"", ""model_mode"": ""standard"", ""lr"": 0.08313069410354508, ""weight_decay"": 0.00014977594081363836, ""lr_scheduler"": ""onecycle"", ""use_layer_norm"": false, ""use_attention_pooling"": true, ""root"": ""/storagenfs/a052721/AdaDiag/src/rnn-of-rnns/data/forda""}, ""time_since_restore"": 947.7659597396851, ""iterations_since_restore"": 51}
"
"/storagenfs/a052721/AdaDiag/bayesian_search/forda/enhanced_rnnassembly/BayesianRNNAssemblyTrainable_2025-12-06_20-35-45/BayesianRNNAssemblyTrainable_a86feb42_349_activation=relu,block_config=3,block_sizes=fn_ph_1dd10ec3,block_structure=identity,check_2025-12-09_02-12-34/result.json",a86feb42,47,0.9500248015873015,0.9487535112359551,0.12995137013494967,0.14762624518738854,128,0.061198884593893776,9253,2025-12-09_02-30-14,"{""train_loss"": 0.12995137013494967, ""train_acc"": 0.9487535112359551, ""test_loss"": 0.14762624518738854, ""test_acc"": 0.9500248015873015, ""n_trainable_params"": 9253, ""lr"": 0.061198884593893776, ""weight_decay"": 3.811147168977435e-05, ""spectral_radius"": 6.137843608856201, ""spectral_norm"": 6.137816429138184, ""done"": false, ""training_iteration"": 47, ""trial_id"": ""a86feb42"", ""date"": ""2025-12-09_02-30-14"", ""timestamp"": 1765243814, ""time_this_iter_s"": 21.800345420837402, ""time_total_s"": 1020.207008600235, ""pid"": 1615814, ""hostname"": ""c4130-p100"", ""node_ip"": ""131.114.50.210"", ""config"": {""dataset"": ""forda"", ""permute_seed"": null, ""train_batch_size"": 128, ""eval_batch_size"": 128, ""block_sizes"": [5, 8, 5, 5, 2, 134, 5, 131, 3, 33, 24, 2, 40, 3, 98, 7, 159, 4, 60, 15, 3, 167, 130, 13, 2, 2, 15, 12, 2, 27, 95, 217], ""block_config"": 3, ""coupling_block_init_fn"": [""uniform""], ""coupling_topology"": 21.78705099378312, ""eul_step"": 0.1, ""activation"": ""relu"", ""dtype"": ""torch.float32"", ""decay_epochs"": [80, 160], ""decay_scalar"": 0.1, ""check_stability"": true, ""max_epochs"": 300, ""n_trials"": 1000, ""gating"": true, ""gate_bounds"": [1.6368274462010095e-05, 0.11459625620542051], ""coupling_rescaling"": ""unconstrained"", ""initialisation"": ""default"", ""block_structure"": ""identity"", ""model_mode"": ""standard"", ""lr"": 0.061198884593893776, ""weight_decay"": 3.811147168977435e-05, ""lr_scheduler"": ""onecycle"", ""use_layer_norm"": false, ""use_attention_pooling"": false, ""root"": ""/storagenfs/a052721/AdaDiag/src/rnn-of-rnns/data/forda""}, ""time_since_restore"": 1020.207008600235, ""iterations_since_restore"": 47}
"
"/storagenfs/a052721/AdaDiag/bayesian_search/forda/enhanced_rnnassembly/BayesianRNNAssemblyTrainable_2025-12-06_20-35-45/BayesianRNNAssemblyTrainable_62f1703e_177_activation=relu,block_config=3,block_sizes=fn_ph_1dd10ec3,block_structure=identity,check_2025-12-07_20-56-45/result.json",62f1703e,207,0.9491567460317459,0.9715326544943821,0.06685207709670067,0.26440270327859455,128,0.025277498773836775,12452,2025-12-07_22-26-28,"{""train_loss"": 0.06685207709670067, ""train_acc"": 0.9715326544943821, ""test_loss"": 0.26440270327859455, ""test_acc"": 0.9491567460317459, ""n_trainable_params"": 12452, ""lr"": 0.025277498773836775, ""weight_decay"": 0.00022392888883347557, ""spectral_radius"": 3.1456263065338135, ""spectral_norm"": 3.1457204818725586, ""done"": false, ""training_iteration"": 207, ""trial_id"": ""62f1703e"", ""date"": ""2025-12-07_22-26-28"", ""timestamp"": 1765142788, ""time_this_iter_s"": 22.31827139854431, ""time_total_s"": 5354.488530158997, ""pid"": 1091550, ""hostname"": ""c4130-p100"", ""node_ip"": ""131.114.50.210"", ""config"": {""dataset"": ""forda"", ""permute_seed"": null, ""train_batch_size"": 128, ""eval_batch_size"": 128, ""block_sizes"": [22, 25, 4, 65, 70, 84, 65, 12, 5, 79, 9, 129, 4, 26, 157, 21, 2, 32, 21, 200, 2, 20, 23, 42, 57, 5, 173, 4, 8, 15, 4, 152, 14], ""block_config"": 3, ""coupling_block_init_fn"": [""uniform""], ""coupling_topology"": 5.125731116684202, ""eul_step"": 0.1, ""activation"": ""relu"", ""dtype"": ""torch.float32"", ""decay_epochs"": [80, 160], ""decay_scalar"": 0.1, ""check_stability"": true, ""max_epochs"": 200, ""n_trials"": 1000, ""gating"": true, ""gate_bounds"": [3.3570470863422442e-06, 0.5111835913935165], ""coupling_rescaling"": ""unconstrained"", ""initialisation"": ""default"", ""block_structure"": ""identity"", ""model_mode"": ""standard"", ""lr"": 0.025277498773836775, ""weight_decay"": 0.00022392888883347557, ""lr_scheduler"": ""onecycle"", ""use_layer_norm"": false, ""use_attention_pooling"": false, ""root"": ""/storagenfs/a052721/AdaDiag/src/rnn-of-rnns/data/forda""}, ""time_since_restore"": 5354.488530158997, ""iterations_since_restore"": 207}
"
"/storagenfs/a052721/AdaDiag/bayesian_search/forda/enhanced_rnnassembly/BayesianRNNAssemblyTrainable_2025-12-06_20-35-45/BayesianRNNAssemblyTrainable_e5c7b022_16_activation=relu,block_config=3,block_sizes=fn_ph_1dd10ec3,block_structure=identity,check__2025-12-07_00-39-15/result.json",e5c7b022,46,0.9489087301587301,0.936815308988764,0.16691489033401014,0.1454621429244677,128,0.06365181871168576,6102,2025-12-07_00-59-11,"{""train_loss"": 0.16691489033401014, ""train_acc"": 0.936815308988764, ""test_loss"": 0.1454621429244677, ""test_acc"": 0.9489087301587301, ""n_trainable_params"": 6102, ""lr"": 0.06365181871168576, ""weight_decay"": 0.00021578483941981052, ""spectral_radius"": 5.780261516571045, ""spectral_norm"": 5.780463695526123, ""done"": false, ""training_iteration"": 46, ""trial_id"": ""e5c7b022"", ""date"": ""2025-12-07_00-59-11"", ""timestamp"": 1765065551, ""time_this_iter_s"": 14.377421140670776, ""time_total_s"": 702.4738411903381, ""pid"": 712363, ""hostname"": ""c4130-p100"", ""node_ip"": ""131.114.50.210"", ""config"": {""dataset"": ""forda"", ""permute_seed"": null, ""train_batch_size"": 128, ""eval_batch_size"": 128, ""block_sizes"": [7, 124, 10, 114, 5, 7, 6, 2, 6, 30, 33, 4], ""block_config"": 3, ""coupling_block_init_fn"": [""uniform""], ""coupling_topology"": 994.1311649008917, ""eul_step"": 0.1, ""activation"": ""relu"", ""dtype"": ""torch.float32"", ""decay_epochs"": [80, 160], ""decay_scalar"": 0.1, ""check_stability"": true, ""max_epochs"": 300, ""n_trials"": 1000, ""gating"": true, ""gate_bounds"": [0.00043230865180983805, 0.1687160991549884], ""coupling_rescaling"": ""unconstrained"", ""initialisation"": ""default"", ""block_structure"": ""identity"", ""model_mode"": ""standard"", ""lr"": 0.06365181871168576, ""weight_decay"": 0.00021578483941981052, ""lr_scheduler"": ""onecycle"", ""use_layer_norm"": false, ""use_attention_pooling"": true, ""root"": ""/storagenfs/a052721/AdaDiag/src/rnn-of-rnns/data/forda""}, ""time_since_restore"": 702.4738411903381, ""iterations_since_restore"": 46}
"
"/storagenfs/a052721/AdaDiag/bayesian_search/forda/enhanced_rnnassembly/BayesianRNNAssemblyTrainable_2025-12-06_20-35-45/BayesianRNNAssemblyTrainable_254da56b_714_activation=relu,block_config=3,block_sizes=fn_ph_1dd10ec3,block_structure=identity,check_2025-12-11_13-22-19/result.json",254da56b,42,0.9482886904761904,0.9466292134831461,0.13039339520037174,0.16638995789819294,128,0.06920968394030502,1512,2025-12-11_13-37-23,"{""train_loss"": 0.13039339520037174, ""train_acc"": 0.9466292134831461, ""test_loss"": 0.16638995789819294, ""test_acc"": 0.9482886904761904, ""n_trainable_params"": 1512, ""lr"": 0.06920968394030502, ""weight_decay"": 5.6117302367083484e-05, ""spectral_radius"": 5.187009811401367, ""spectral_norm"": 5.187007904052734, ""done"": false, ""training_iteration"": 42, ""trial_id"": ""254da56b"", ""date"": ""2025-12-11_13-37-23"", ""timestamp"": 1765456643, ""time_this_iter_s"": 23.21085286140442, ""time_total_s"": 854.9624562263489, ""pid"": 2664781, ""hostname"": ""c4130-p100"", ""node_ip"": ""131.114.50.210"", ""config"": {""dataset"": ""forda"", ""permute_seed"": null, ""train_batch_size"": 128, ""eval_batch_size"": 128, ""block_sizes"": [4, 229, 9], ""block_config"": 3, ""coupling_block_init_fn"": [""uniform""], ""coupling_topology"": 187.2813712725455, ""eul_step"": 0.1, ""activation"": ""relu"", ""dtype"": ""torch.float32"", ""decay_epochs"": [80, 160], ""decay_scalar"": 0.1, ""check_stability"": true, ""max_epochs"": 300, ""n_trials"": 1000, ""gating"": true, ""gate_bounds"": [0.0017558059782207091, 0.14854462055289214], ""coupling_rescaling"": ""unconstrained"", ""initialisation"": ""default"", ""block_structure"": ""identity"", ""model_mode"": ""standard"", ""lr"": 0.06920968394030502, ""weight_decay"": 5.6117302367083484e-05, ""lr_scheduler"": ""onecycle"", ""use_layer_norm"": false, ""use_attention_pooling"": false, ""root"": ""/storagenfs/a052721/AdaDiag/src/rnn-of-rnns/data/forda""}, ""time_since_restore"": 854.9624562263489, ""iterations_since_restore"": 42}
"
"/storagenfs/a052721/AdaDiag/bayesian_search/forda/enhanced_rnnassembly/BayesianRNNAssemblyTrainable_2025-12-06_20-35-45/BayesianRNNAssemblyTrainable_8d47e2bf_730_activation=relu,block_config=3,block_sizes=fn_ph_1dd10ec3,block_structure=identity,check_2025-12-11_16-51-22/result.json",8d47e2bf,96,0.9477926587301587,0.9420163272471911,0.14661803245544433,0.1813082860575782,128,0.07811811019553822,16136,2025-12-11_17-20-08,"{""train_loss"": 0.14661803245544433, ""train_acc"": 0.9420163272471911, ""test_loss"": 0.1813082860575782, ""test_acc"": 0.9477926587301587, ""n_trainable_params"": 16136, ""lr"": 0.07811811019553822, ""weight_decay"": 4.740093355084391e-05, ""spectral_radius"": 2.919654369354248, ""spectral_norm"": 2.9196577072143555, ""done"": false, ""training_iteration"": 96, ""trial_id"": ""8d47e2bf"", ""date"": ""2025-12-11_17-20-08"", ""timestamp"": 1765470008, ""time_this_iter_s"": 14.78093695640564, ""time_total_s"": 1665.5140273571014, ""pid"": 2725921, ""hostname"": ""c4130-p100"", ""node_ip"": ""131.114.50.210"", ""config"": {""dataset"": ""forda"", ""permute_seed"": null, ""train_batch_size"": 128, ""eval_batch_size"": 128, ""block_sizes"": [122, 4], ""block_config"": 3, ""coupling_block_init_fn"": [""uniform""], ""coupling_topology"": 207.56072959629148, ""eul_step"": 0.1, ""activation"": ""relu"", ""dtype"": ""torch.float32"", ""decay_epochs"": [80, 160], ""decay_scalar"": 0.1, ""check_stability"": true, ""max_epochs"": 250, ""n_trials"": 1000, ""gating"": true, ""gate_bounds"": [0.009289550441080999, 0.42204801943088716], ""coupling_rescaling"": ""unconstrained"", ""initialisation"": ""default"", ""block_structure"": ""identity"", ""model_mode"": ""standard"", ""lr"": 0.07811811019553822, ""weight_decay"": 4.740093355084391e-05, ""lr_scheduler"": ""onecycle"", ""use_layer_norm"": false, ""use_attention_pooling"": true, ""root"": ""/storagenfs/a052721/AdaDiag/src/rnn-of-rnns/data/forda""}, ""time_since_restore"": 1665.5140273571014, ""iterations_since_restore"": 96}
"
"/storagenfs/a052721/AdaDiag/bayesian_search/forda/enhanced_rnnassembly/BayesianRNNAssemblyTrainable_2025-12-06_20-35-45/BayesianRNNAssemblyTrainable_eab68ca4_270_activation=relu,block_config=3,block_sizes=fn_ph_1dd10ec3,block_structure=identity,check_2025-12-08_09-38-03/result.json",eab68ca4,84,0.9476686507936508,0.9805170294943821,0.049368171393871306,0.25630627903673386,128,0.034663723163973544,4332,2025-12-08_10-04-05,"{""train_loss"": 0.049368171393871306, ""train_acc"": 0.9805170294943821, ""test_loss"": 0.25630627903673386, ""test_acc"": 0.9476686507936508, ""n_trainable_params"": 4332, ""lr"": 0.034663723163973544, ""weight_decay"": 0.0003208589316350307, ""spectral_radius"": 4.897963523864746, ""spectral_norm"": 4.898265838623047, ""done"": false, ""training_iteration"": 84, ""trial_id"": ""eab68ca4"", ""date"": ""2025-12-08_10-04-05"", ""timestamp"": 1765184645, ""time_this_iter_s"": 17.029649019241333, ""time_total_s"": 1358.3662621974945, ""pid"": 1324802, ""hostname"": ""c4130-p100"", ""node_ip"": ""131.114.50.210"", ""config"": {""dataset"": ""forda"", ""permute_seed"": null, ""train_batch_size"": 128, ""eval_batch_size"": 128, ""block_sizes"": [3, 46, 21, 217, 26, 38, 31, 5, 32, 87, 40, 6, 141, 3, 2], ""block_config"": 3, ""coupling_block_init_fn"": [""uniform""], ""coupling_topology"": 11.493553012141211, ""eul_step"": 0.1, ""activation"": ""relu"", ""dtype"": ""torch.float32"", ""decay_epochs"": [80, 160], ""decay_scalar"": 0.1, ""check_stability"": true, ""max_epochs"": 200, ""n_trials"": 1000, ""gating"": true, ""gate_bounds"": [0.001383794999557897, 0.24556840324242876], ""coupling_rescaling"": ""unconstrained"", ""initialisation"": ""default"", ""block_structure"": ""identity"", ""model_mode"": ""standard"", ""lr"": 0.034663723163973544, ""weight_decay"": 0.0003208589316350307, ""lr_scheduler"": ""onecycle"", ""use_layer_norm"": false, ""use_attention_pooling"": false, ""root"": ""/storagenfs/a052721/AdaDiag/src/rnn-of-rnns/data/forda""}, ""time_since_restore"": 1358.3662621974945, ""iterations_since_restore"": 84}
"
"/storagenfs/a052721/AdaDiag/bayesian_search/forda/enhanced_rnnassembly/BayesianRNNAssemblyTrainable_2025-12-06_20-35-45/BayesianRNNAssemblyTrainable_0504a96b_588_activation=relu,block_config=3,block_sizes=fn_ph_1dd10ec3,block_structure=identity,check_2025-12-10_15-22-19/result.json",0504a96b,38,0.9476686507936508,0.944066011235955,0.13838049434125424,0.14274508009354273,128,0.0708491687491763,30354,2025-12-10_16-32-02,"{""train_loss"": 0.13838049434125424, ""train_acc"": 0.944066011235955, ""test_loss"": 0.14274508009354273, ""test_acc"": 0.9476686507936508, ""n_trainable_params"": 30354, ""lr"": 0.0708491687491763, ""weight_decay"": 3.6662167639771384e-05, ""spectral_radius"": 3.608038902282715, ""spectral_norm"": 3.608069658279419, ""done"": false, ""training_iteration"": 38, ""trial_id"": ""0504a96b"", ""date"": ""2025-12-10_16-32-02"", ""timestamp"": 1765380722, ""time_this_iter_s"": 14.618273258209229, ""time_total_s"": 703.3046245574951, ""pid"": 2297455, ""hostname"": ""c4130-p100"", ""node_ip"": ""131.114.50.210"", ""config"": {""dataset"": ""forda"", ""permute_seed"": null, ""train_batch_size"": 128, ""eval_batch_size"": 128, ""block_sizes"": [54, 28, 12, 53, 7], ""block_config"": 3, ""coupling_block_init_fn"": [""uniform""], ""coupling_topology"": 106.04361331785766, ""eul_step"": 0.1, ""activation"": ""relu"", ""dtype"": ""torch.float32"", ""decay_epochs"": [80, 160], ""decay_scalar"": 0.1, ""check_stability"": true, ""max_epochs"": 300, ""n_trials"": 1000, ""gating"": true, ""gate_bounds"": [0.00010154253237850657, 0.40728756112416886], ""coupling_rescaling"": ""unconstrained"", ""initialisation"": ""default"", ""block_structure"": ""identity"", ""model_mode"": ""standard"", ""lr"": 0.0708491687491763, ""weight_decay"": 3.6662167639771384e-05, ""lr_scheduler"": ""onecycle"", ""use_layer_norm"": false, ""use_attention_pooling"": false, ""root"": ""/storagenfs/a052721/AdaDiag/src/rnn-of-rnns/data/forda""}, ""time_since_restore"": 703.3046245574951, ""iterations_since_restore"": 38}
"
"/storagenfs/a052721/AdaDiag/bayesian_search/forda/enhanced_rnnassembly/BayesianRNNAssemblyTrainable_2025-12-06_20-35-45/BayesianRNNAssemblyTrainable_617b5512_326_activation=relu,block_config=3,block_sizes=fn_ph_1dd10ec3,block_structure=identity,check_2025-12-08_20-41-17/result.json",617b5512,300,0.9471726190476191,0.9785639044943821,0.05272333342581988,0.22833679616451263,128,0.0442761072649555,3777,2025-12-08_22-03-11,"{""train_loss"": 0.05272333342581988, ""train_acc"": 0.9785639044943821, ""test_loss"": 0.22833679616451263, ""test_acc"": 0.9471726190476191, ""n_trainable_params"": 3777, ""lr"": 0.0442761072649555, ""weight_decay"": 3.871637342426488e-05, ""spectral_radius"": 2.9085593223571777, ""spectral_norm"": 2.908566951751709, ""done"": true, ""training_iteration"": 300, ""trial_id"": ""617b5512"", ""date"": ""2025-12-08_22-03-11"", ""timestamp"": 1765227791, ""time_this_iter_s"": 16.96356701850891, ""time_total_s"": 4870.4146502017975, ""pid"": 1520594, ""hostname"": ""c4130-p100"", ""node_ip"": ""131.114.50.210"", ""config"": {""dataset"": ""forda"", ""permute_seed"": null, ""train_batch_size"": 128, ""eval_batch_size"": 128, ""block_sizes"": [57, 12], ""block_config"": 3, ""coupling_block_init_fn"": [""uniform""], ""coupling_topology"": 15.761672954202718, ""eul_step"": 0.1, ""activation"": ""relu"", ""dtype"": ""torch.float32"", ""decay_epochs"": [80, 160], ""decay_scalar"": 0.1, ""check_stability"": true, ""max_epochs"": 300, ""n_trials"": 1000, ""gating"": true, ""gate_bounds"": [0.004636042301722228, 0.6302515462434278], ""coupling_rescaling"": ""unconstrained"", ""initialisation"": ""default"", ""block_structure"": ""identity"", ""model_mode"": ""standard"", ""lr"": 0.0442761072649555, ""weight_decay"": 3.871637342426488e-05, ""lr_scheduler"": ""onecycle"", ""use_layer_norm"": false, ""use_attention_pooling"": false, ""root"": ""/storagenfs/a052721/AdaDiag/src/rnn-of-rnns/data/forda""}, ""time_since_restore"": 4870.4146502017975, ""iterations_since_restore"": 300}
"
"/storagenfs/a052721/AdaDiag/bayesian_search/forda/enhanced_rnnassembly/BayesianRNNAssemblyTrainable_2025-12-06_20-35-45/BayesianRNNAssemblyTrainable_012d5f8e_614_activation=relu,block_config=3,block_sizes=fn_ph_1dd10ec3,block_structure=identity,check_2025-12-10_21-18-42/result.json",012d5f8e,19,0.9468005952380953,0.9330056179775281,0.17232633158564567,0.17300481514798272,128,0.07322637642766759,15246,2025-12-10_21-36-12,"{""train_loss"": 0.17232633158564567, ""train_acc"": 0.9330056179775281, ""test_loss"": 0.17300481514798272, ""test_acc"": 0.9468005952380953, ""n_trainable_params"": 15246, ""lr"": 0.07322637642766759, ""weight_decay"": 3.4638093807148785e-05, ""spectral_radius"": 3.9148902893066406, ""spectral_norm"": 3.91495680809021, ""done"": false, ""training_iteration"": 19, ""trial_id"": ""012d5f8e"", ""date"": ""2025-12-10_21-36-12"", ""timestamp"": 1765398972, ""time_this_iter_s"": 17.17349863052368, ""time_total_s"": 316.4478259086609, ""pid"": 2388110, ""hostname"": ""c4130-p100"", ""node_ip"": ""131.114.50.210"", ""config"": {""dataset"": ""forda"", ""permute_seed"": null, ""train_batch_size"": 128, ""eval_batch_size"": 128, ""block_sizes"": [68, 52, 75], ""block_config"": 3, ""coupling_block_init_fn"": [""uniform""], ""coupling_topology"": 124.54995198619501, ""eul_step"": 0.1, ""activation"": ""relu"", ""dtype"": ""torch.float32"", ""decay_epochs"": [80, 160], ""decay_scalar"": 0.1, ""check_stability"": true, ""max_epochs"": 200, ""n_trials"": 1000, ""gating"": true, ""gate_bounds"": [5.577676899868622e-05, 0.3017025891997273], ""coupling_rescaling"": ""unconstrained"", ""initialisation"": ""default"", ""block_structure"": ""identity"", ""model_mode"": ""standard"", ""lr"": 0.07322637642766759, ""weight_decay"": 3.4638093807148785e-05, ""lr_scheduler"": ""onecycle"", ""use_layer_norm"": false, ""use_attention_pooling"": false, ""root"": ""/storagenfs/a052721/AdaDiag/src/rnn-of-rnns/data/forda""}, ""time_since_restore"": 316.4478259086609, ""iterations_since_restore"": 19}
"
"/storagenfs/a052721/AdaDiag/bayesian_search/forda/enhanced_rnnassembly/BayesianRNNAssemblyTrainable_2025-12-06_20-35-45/BayesianRNNAssemblyTrainable_00d041ad_106_activation=relu,block_config=3,block_sizes=fn_ph_1dd10ec3,block_structure=identity,check_2025-12-07_12-16-20/result.json",00d041ad,82,0.9460565476190477,0.959300386235955,0.10263204630464315,0.19958575814962387,128,0.09932641186028296,2042,2025-12-07_12-40-28,"{""train_loss"": 0.10263204630464315, ""train_acc"": 0.959300386235955, ""test_loss"": 0.19958575814962387, ""test_acc"": 0.9460565476190477, ""n_trainable_params"": 2042, ""lr"": 0.09932641186028296, ""weight_decay"": 0.0004638319571608352, ""spectral_radius"": 3.216019868850708, ""spectral_norm"": 3.2160427570343018, ""done"": false, ""training_iteration"": 82, ""trial_id"": ""00d041ad"", ""date"": ""2025-12-07_12-40-28"", ""timestamp"": 1765107628, ""time_this_iter_s"": 14.949105978012085, ""time_total_s"": 1318.5194478034973, ""pid"": 933080, ""hostname"": ""c4130-p100"", ""node_ip"": ""131.114.50.210"", ""config"": {""dataset"": ""forda"", ""permute_seed"": null, ""train_batch_size"": 128, ""eval_batch_size"": 128, ""block_sizes"": [10, 13, 16, 184, 2, 22], ""block_config"": 3, ""coupling_block_init_fn"": [""uniform""], ""coupling_topology"": 5.640502983340286, ""eul_step"": 0.1, ""activation"": ""relu"", ""dtype"": ""torch.float32"", ""decay_epochs"": [80, 160], ""decay_scalar"": 0.1, ""check_stability"": true, ""max_epochs"": 300, ""n_trials"": 1000, ""gating"": true, ""gate_bounds"": [4.784619030440546e-05, 0.3914031361262569], ""coupling_rescaling"": ""unconstrained"", ""initialisation"": ""default"", ""block_structure"": ""identity"", ""model_mode"": ""standard"", ""lr"": 0.09932641186028296, ""weight_decay"": 0.0004638319571608352, ""lr_scheduler"": ""onecycle"", ""use_layer_norm"": false, ""use_attention_pooling"": false, ""root"": ""/storagenfs/a052721/AdaDiag/src/rnn-of-rnns/data/forda""}, ""time_since_restore"": 1318.5194478034973, ""iterations_since_restore"": 82}
"
"/storagenfs/a052721/AdaDiag/bayesian_search/forda/enhanced_rnnassembly/BayesianRNNAssemblyTrainable_2025-12-06_20-35-45/BayesianRNNAssemblyTrainable_20aab89c_379_activation=relu,block_config=3,block_sizes=fn_ph_1dd10ec3,block_structure=identity,check_2025-12-09_06-15-04/result.json",20aab89c,80,0.9456845238095237,0.9527080407303371,0.12670719772577285,0.16663362003035015,128,0.0566557480472614,21566,2025-12-09_06-36-03,"{""train_loss"": 0.12670719772577285, ""train_acc"": 0.9527080407303371, ""test_loss"": 0.16663362003035015, ""test_acc"": 0.9456845238095237, ""n_trainable_params"": 21566, ""lr"": 0.0566557480472614, ""weight_decay"": 0.00037279273717589877, ""spectral_radius"": 3.1111912727355957, ""spectral_norm"": 3.1112115383148193, ""done"": false, ""training_iteration"": 80, ""trial_id"": ""20aab89c"", ""date"": ""2025-12-09_06-36-03"", ""timestamp"": 1765258563, ""time_this_iter_s"": 14.282849788665771, ""time_total_s"": 1217.5739586353302, ""pid"": 1687825, ""hostname"": ""c4130-p100"", ""node_ip"": ""131.114.50.210"", ""config"": {""dataset"": ""forda"", ""permute_seed"": null, ""train_batch_size"": 128, ""eval_batch_size"": 128, ""block_sizes"": [59, 5, 7, 3], ""block_config"": 3, ""coupling_block_init_fn"": [""uniform""], ""coupling_topology"": 15.38298503125853, ""eul_step"": 0.1, ""activation"": ""relu"", ""dtype"": ""torch.float32"", ""decay_epochs"": [80, 160], ""decay_scalar"": 0.1, ""check_stability"": true, ""max_epochs"": 300, ""n_trials"": 1000, ""gating"": true, ""gate_bounds"": [2.1708151893691107e-06, 0.36067005374362293], ""coupling_rescaling"": ""unconstrained"", ""initialisation"": ""default"", ""block_structure"": ""identity"", ""model_mode"": ""standard"", ""lr"": 0.0566557480472614, ""weight_decay"": 0.00037279273717589877, ""lr_scheduler"": ""onecycle"", ""use_layer_norm"": false, ""use_attention_pooling"": false, ""root"": ""/storagenfs/a052721/AdaDiag/src/rnn-of-rnns/data/forda""}, ""time_since_restore"": 1217.5739586353302, ""iterations_since_restore"": 80}
"
"/storagenfs/a052721/AdaDiag/bayesian_search/forda/enhanced_rnnassembly/BayesianRNNAssemblyTrainable_2025-12-06_20-35-45/BayesianRNNAssemblyTrainable_0cfa388f_103_activation=relu,block_config=3,block_sizes=fn_ph_1dd10ec3,block_structure=identity,check_2025-12-07_11-05-24/result.json",0cfa388f,151,0.9453125,0.9656732794943821,0.09503403622657061,0.15700410016708904,128,0.051436565142307517,19167,2025-12-07_11-49-56,"{""train_loss"": 0.09503403622657061, ""train_acc"": 0.9656732794943821, ""test_loss"": 0.15700410016708904, ""test_acc"": 0.9453125, ""n_trainable_params"": 19167, ""lr"": 0.051436565142307517, ""weight_decay"": 0.00036465353800694563, ""spectral_radius"": 2.845050096511841, ""spectral_norm"": 2.8450911045074463, ""done"": false, ""training_iteration"": 151, ""trial_id"": ""0cfa388f"", ""date"": ""2025-12-07_11-49-56"", ""timestamp"": 1765104596, ""time_this_iter_s"": 16.65012812614441, ""time_total_s"": 2655.2664499282837, ""pid"": 909172, ""hostname"": ""c4130-p100"", ""node_ip"": ""131.114.50.210"", ""config"": {""dataset"": ""forda"", ""permute_seed"": null, ""train_batch_size"": 128, ""eval_batch_size"": 128, ""block_sizes"": [127, 105], ""block_config"": 3, ""coupling_block_init_fn"": [""uniform""], ""coupling_topology"": 13.06443924654352, ""eul_step"": 0.1, ""activation"": ""relu"", ""dtype"": ""torch.float32"", ""decay_epochs"": [80, 160], ""decay_scalar"": 0.1, ""check_stability"": true, ""max_epochs"": 300, ""n_trials"": 1000, ""gating"": true, ""gate_bounds"": [0.00011323153458455483, 0.6226366409355495], ""coupling_rescaling"": ""unconstrained"", ""initialisation"": ""default"", ""block_structure"": ""identity"", ""model_mode"": ""standard"", ""lr"": 0.051436565142307517, ""weight_decay"": 0.00036465353800694563, ""lr_scheduler"": ""onecycle"", ""use_layer_norm"": true, ""use_attention_pooling"": true, ""root"": ""/storagenfs/a052721/AdaDiag/src/rnn-of-rnns/data/forda""}, ""time_since_restore"": 2655.2664499282837, ""iterations_since_restore"": 151}
"
"/storagenfs/a052721/AdaDiag/bayesian_search/forda/enhanced_rnnassembly/BayesianRNNAssemblyTrainable_2025-12-06_20-35-45/BayesianRNNAssemblyTrainable_96bd1b80_327_activation=relu,block_config=3,block_sizes=fn_ph_1dd10ec3,block_structure=identity,check_2025-12-08_20-41-41/result.json",96bd1b80,107,0.9451884920634921,0.941112183988764,0.1529751129448414,0.1686954688694742,128,0.04482868019158462,5520,2025-12-08_21-25-40,"{""train_loss"": 0.1529751129448414, ""train_acc"": 0.941112183988764, ""test_loss"": 0.1686954688694742, ""test_acc"": 0.9451884920634921, ""n_trainable_params"": 5520, ""lr"": 0.04482868019158462, ""weight_decay"": 0.0002709511627629973, ""spectral_radius"": 2.357365846633911, ""spectral_norm"": 2.3573505878448486, ""done"": false, ""training_iteration"": 107, ""trial_id"": ""96bd1b80"", ""date"": ""2025-12-08_21-25-40"", ""timestamp"": 1765225540, ""time_this_iter_s"": 15.118420124053955, ""time_total_s"": 1661.7683029174805, ""pid"": 1525409, ""hostname"": ""c4130-p100"", ""node_ip"": ""131.114.50.210"", ""config"": {""dataset"": ""forda"", ""permute_seed"": null, ""train_batch_size"": 128, ""eval_batch_size"": 128, ""block_sizes"": [70, 10], ""block_config"": 3, ""coupling_block_init_fn"": [""uniform""], ""coupling_topology"": 11.99646957537333, ""eul_step"": 0.1, ""activation"": ""relu"", ""dtype"": ""torch.float32"", ""decay_epochs"": [80, 160], ""decay_scalar"": 0.1, ""check_stability"": true, ""max_epochs"": 300, ""n_trials"": 1000, ""gating"": true, ""gate_bounds"": [0.0035765709881950365, 0.8293434135132209], ""coupling_rescaling"": ""unconstrained"", ""initialisation"": ""default"", ""block_structure"": ""identity"", ""model_mode"": ""standard"", ""lr"": 0.04482868019158462, ""weight_decay"": 0.0002709511627629973, ""lr_scheduler"": ""onecycle"", ""use_layer_norm"": false, ""use_attention_pooling"": false, ""root"": ""/storagenfs/a052721/AdaDiag/src/rnn-of-rnns/data/forda""}, ""time_since_restore"": 1661.7683029174805, ""iterations_since_restore"": 107}
"
"/storagenfs/a052721/AdaDiag/bayesian_search/forda/enhanced_rnnassembly/BayesianRNNAssemblyTrainable_2025-12-06_20-35-45/BayesianRNNAssemblyTrainable_ca3a786b_310_activation=relu,block_config=3,block_sizes=fn_ph_1dd10ec3,block_structure=identity,check_2025-12-08_19-02-50/result.json",ca3a786b,48,0.9451884920634921,0.9569083567415729,0.1073174737393856,0.1731227801905738,128,0.0445979411711447,14308,2025-12-08_19-16-36,"{""train_loss"": 0.1073174737393856, ""train_acc"": 0.9569083567415729, ""test_loss"": 0.1731227801905738, ""test_acc"": 0.9451884920634921, ""n_trainable_params"": 14308, ""lr"": 0.0445979411711447, ""weight_decay"": 0.00020694762265711721, ""spectral_radius"": 3.6401426792144775, ""spectral_norm"": 3.6403045654296875, ""done"": false, ""training_iteration"": 48, ""trial_id"": ""ca3a786b"", ""date"": ""2025-12-08_19-16-36"", ""timestamp"": 1765217796, ""time_this_iter_s"": 14.829421758651733, ""time_total_s"": 808.70760846138, ""pid"": 1488989, ""hostname"": ""c4130-p100"", ""node_ip"": ""131.114.50.210"", ""config"": {""dataset"": ""forda"", ""permute_seed"": null, ""train_batch_size"": 128, ""eval_batch_size"": 128, ""block_sizes"": [28, 52, 62, 22, 49, 63, 2, 7, 32, 10, 12, 2, 23], ""block_config"": 3, ""coupling_block_init_fn"": [""uniform""], ""coupling_topology"": 15.16006030544133, ""eul_step"": 0.1, ""activation"": ""relu"", ""dtype"": ""torch.float32"", ""decay_epochs"": [80, 160], ""decay_scalar"": 0.1, ""check_stability"": true, ""max_epochs"": 300, ""n_trials"": 1000, ""gating"": true, ""gate_bounds"": [0.0029887512625355545, 0.3597923303005244], ""coupling_rescaling"": ""unconstrained"", ""initialisation"": ""default"", ""block_structure"": ""identity"", ""model_mode"": ""standard"", ""lr"": 0.0445979411711447, ""weight_decay"": 0.00020694762265711721, ""lr_scheduler"": ""onecycle"", ""use_layer_norm"": false, ""use_attention_pooling"": false, ""root"": ""/storagenfs/a052721/AdaDiag/src/rnn-of-rnns/data/forda""}, ""time_since_restore"": 808.70760846138, ""iterations_since_restore"": 48}
"
"/storagenfs/a052721/AdaDiag/bayesian_search/forda/enhanced_rnnassembly/BayesianRNNAssemblyTrainable_2025-12-06_20-35-45/BayesianRNNAssemblyTrainable_65a2c8ea_291_activation=relu,block_config=3,block_sizes=fn_ph_1dd10ec3,block_structure=identity,check_2025-12-08_14-16-19/result.json",65a2c8ea,67,0.9450644841269842,0.9809076544943821,0.04723935667425394,0.24657588534884983,128,0.07766662827288044,494512,2025-12-08_14-36-53,"{""train_loss"": 0.04723935667425394, ""train_acc"": 0.9809076544943821, ""test_loss"": 0.24657588534884983, ""test_acc"": 0.9450644841269842, ""n_trainable_params"": 494512, ""lr"": 0.07766662827288044, ""weight_decay"": 3.487429379876717e-05, ""spectral_radius"": 3.8832848072052, ""spectral_norm"": 3.88344144821167, ""done"": false, ""training_iteration"": 67, ""trial_id"": ""65a2c8ea"", ""date"": ""2025-12-08_14-36-53"", ""timestamp"": 1765201013, ""time_this_iter_s"": 18.34832787513733, ""time_total_s"": 1107.2999663352966, ""pid"": 1405948, ""hostname"": ""c4130-p100"", ""node_ip"": ""131.114.50.210"", ""config"": {""dataset"": ""forda"", ""permute_seed"": null, ""train_batch_size"": 128, ""eval_batch_size"": 128, ""block_sizes"": [202, 155, 22, 29, 14, 6, 4, 5, 21, 16], ""block_config"": 3, ""coupling_block_init_fn"": [""uniform""], ""coupling_topology"": 12.389889529046805, ""eul_step"": 0.1, ""activation"": ""relu"", ""dtype"": ""torch.float32"", ""decay_epochs"": [80, 160], ""decay_scalar"": 0.1, ""check_stability"": true, ""max_epochs"": 200, ""n_trials"": 1000, ""gating"": true, ""gate_bounds"": [3.576023143290383e-05, 0.4125179661231113], ""coupling_rescaling"": ""unconstrained"", ""initialisation"": ""default"", ""block_structure"": ""identity"", ""model_mode"": ""standard"", ""lr"": 0.07766662827288044, ""weight_decay"": 3.487429379876717e-05, ""lr_scheduler"": ""onecycle"", ""use_layer_norm"": false, ""use_attention_pooling"": false, ""root"": ""/storagenfs/a052721/AdaDiag/src/rnn-of-rnns/data/forda""}, ""time_since_restore"": 1107.2999663352966, ""iterations_since_restore"": 67}
"
"/storagenfs/a052721/AdaDiag/bayesian_search/forda/enhanced_rnnassembly/BayesianRNNAssemblyTrainable_2025-12-06_20-35-45/BayesianRNNAssemblyTrainable_62ab5487_13_activation=relu,block_config=3,block_sizes=fn_ph_1dd10ec3,block_structure=identity,check__2025-12-06_23-11-52/result.json",62ab5487,45,0.9448164682539681,0.9674069522471911,0.0898701031692326,0.1772665787074301,128,0.05057959372290204,12870,2025-12-06_23-31-52,"{""train_loss"": 0.0898701031692326, ""train_acc"": 0.9674069522471911, ""test_loss"": 0.1772665787074301, ""test_acc"": 0.9448164682539681, ""n_trainable_params"": 12870, ""lr"": 0.05057959372290204, ""weight_decay"": 0.00026233031733624514, ""spectral_radius"": 4.2542524337768555, ""spectral_norm"": 4.254326820373535, ""done"": false, ""training_iteration"": 45, ""trial_id"": ""62ab5487"", ""date"": ""2025-12-06_23-31-52"", ""timestamp"": 1765060312, ""time_this_iter_s"": 15.279364585876465, ""time_total_s"": 689.1758527755737, ""pid"": 686695, ""hostname"": ""c4130-p100"", ""node_ip"": ""131.114.50.210"", ""config"": {""dataset"": ""forda"", ""permute_seed"": null, ""train_batch_size"": 128, ""eval_batch_size"": 128, ""block_sizes"": [60, 68, 187], ""block_config"": 3, ""coupling_block_init_fn"": [""uniform""], ""coupling_topology"": 47.13571477249007, ""eul_step"": 0.1, ""activation"": ""relu"", ""dtype"": ""torch.float32"", ""decay_epochs"": [80, 160], ""decay_scalar"": 0.1, ""check_stability"": true, ""max_epochs"": 250, ""n_trials"": 1000, ""gating"": true, ""gate_bounds"": [2.659305719166162e-06, 0.30862290180701896], ""coupling_rescaling"": ""unconstrained"", ""initialisation"": ""default"", ""block_structure"": ""identity"", ""model_mode"": ""standard"", ""lr"": 0.05057959372290204, ""weight_decay"": 0.00026233031733624514, ""lr_scheduler"": ""onecycle"", ""use_layer_norm"": false, ""use_attention_pooling"": false, ""root"": ""/storagenfs/a052721/AdaDiag/src/rnn-of-rnns/data/forda""}, ""time_since_restore"": 689.1758527755737, ""iterations_since_restore"": 45}
"
"/storagenfs/a052721/AdaDiag/bayesian_search/forda/enhanced_rnnassembly/BayesianRNNAssemblyTrainable_2025-12-06_20-35-45/BayesianRNNAssemblyTrainable_6f3afc11_276_activation=relu,block_config=3,block_sizes=fn_ph_1dd10ec3,block_structure=identity,check_2025-12-08_11-25-08/result.json",6f3afc11,89,0.9445684523809523,0.9427229634831461,0.15019442327320576,0.1628589861922794,128,0.026975566774555412,350,2025-12-08_11-49-28,"{""train_loss"": 0.15019442327320576, ""train_acc"": 0.9427229634831461, ""test_loss"": 0.1628589861922794, ""test_acc"": 0.9445684523809523, ""n_trainable_params"": 350, ""lr"": 0.026975566774555412, ""weight_decay"": 5.9002964078447854e-05, ""spectral_radius"": 3.4325544834136963, ""spectral_norm"": 3.4325616359710693, ""done"": false, ""training_iteration"": 89, ""trial_id"": ""6f3afc11"", ""date"": ""2025-12-08_11-49-28"", ""timestamp"": 1765190968, ""time_this_iter_s"": 15.223329782485962, ""time_total_s"": 1432.365000963211, ""pid"": 1355317, ""hostname"": ""c4130-p100"", ""node_ip"": ""131.114.50.210"", ""config"": {""dataset"": ""forda"", ""permute_seed"": null, ""train_batch_size"": 128, ""eval_batch_size"": 128, ""block_sizes"": [5, 3, 6, 16], ""block_config"": 3, ""coupling_block_init_fn"": [""uniform""], ""coupling_topology"": 10.69203895618668, ""eul_step"": 0.1, ""activation"": ""relu"", ""dtype"": ""torch.float32"", ""decay_epochs"": [80, 160], ""decay_scalar"": 0.1, ""check_stability"": true, ""max_epochs"": 200, ""n_trials"": 1000, ""gating"": true, ""gate_bounds"": [1.0523713002142883e-05, 0.24550898736523016], ""coupling_rescaling"": ""unconstrained"", ""initialisation"": ""default"", ""block_structure"": ""identity"", ""model_mode"": ""standard"", ""lr"": 0.026975566774555412, ""weight_decay"": 5.9002964078447854e-05, ""lr_scheduler"": ""onecycle"", ""use_layer_norm"": false, ""use_attention_pooling"": false, ""root"": ""/storagenfs/a052721/AdaDiag/src/rnn-of-rnns/data/forda""}, ""time_since_restore"": 1432.365000963211, ""iterations_since_restore"": 89}
"
"/storagenfs/a052721/AdaDiag/bayesian_search/forda/enhanced_rnnassembly/BayesianRNNAssemblyTrainable_2025-12-06_20-35-45/BayesianRNNAssemblyTrainable_02659e4e_239_activation=relu,block_config=3,block_sizes=fn_ph_1dd10ec3,block_structure=identity,check_2025-12-08_05-13-51/result.json",02659e4e,160,0.9443204365079365,0.9873288272471911,0.03399290160741657,0.3153262792362107,128,0.038691594707254376,347956,2025-12-08_05-58-07,"{""train_loss"": 0.03399290160741657, ""train_acc"": 0.9873288272471911, ""test_loss"": 0.3153262792362107, ""test_acc"": 0.9443204365079365, ""n_trainable_params"": 347956, ""lr"": 0.038691594707254376, ""weight_decay"": 0.0006162717756351484, ""spectral_radius"": 2.9620447158813477, ""spectral_norm"": 2.9620614051818848, ""done"": false, ""training_iteration"": 160, ""trial_id"": ""02659e4e"", ""date"": ""2025-12-08_05-58-07"", ""timestamp"": 1765169887, ""time_this_iter_s"": 16.946115255355835, ""time_total_s"": 2625.0800631046295, ""pid"": 1242208, ""hostname"": ""c4130-p100"", ""node_ip"": ""131.114.50.210"", ""config"": {""dataset"": ""forda"", ""permute_seed"": null, ""train_batch_size"": 128, ""eval_batch_size"": 128, ""block_sizes"": [221, 31, 91, 3, 129, 3, 198, 2, 2], ""block_config"": 3, ""coupling_block_init_fn"": [""uniform""], ""coupling_topology"": 7.693570889407988, ""eul_step"": 0.1, ""activation"": ""relu"", ""dtype"": ""torch.float32"", ""decay_epochs"": [80, 160], ""decay_scalar"": 0.1, ""check_stability"": true, ""max_epochs"": 300, ""n_trials"": 1000, ""gating"": true, ""gate_bounds"": [1.3060181370396124e-05, 0.5115352571660862], ""coupling_rescaling"": ""unconstrained"", ""initialisation"": ""default"", ""block_structure"": ""identity"", ""model_mode"": ""standard"", ""lr"": 0.038691594707254376, ""weight_decay"": 0.0006162717756351484, ""lr_scheduler"": ""onecycle"", ""use_layer_norm"": false, ""use_attention_pooling"": false, ""root"": ""/storagenfs/a052721/AdaDiag/src/rnn-of-rnns/data/forda""}, ""time_since_restore"": 2625.0800631046295, ""iterations_since_restore"": 160}
"
"/storagenfs/a052721/AdaDiag/bayesian_search/forda/enhanced_rnnassembly/BayesianRNNAssemblyTrainable_2025-12-06_20-35-45/BayesianRNNAssemblyTrainable_cb93cf52_433_activation=relu,block_config=3,block_sizes=fn_ph_1dd10ec3,block_structure=identity,check_2025-12-09_14-20-50/result.json",cb93cf52,72,0.9443204365079365,0.943846558988764,0.14662706442177295,0.15748771611187193,128,0.09390584586467486,414,2025-12-09_14-43-02,"{""train_loss"": 0.14662706442177295, ""train_acc"": 0.943846558988764, ""test_loss"": 0.15748771611187193, ""test_acc"": 0.9443204365079365, ""n_trainable_params"": 414, ""lr"": 0.09390584586467486, ""weight_decay"": 0.0001994755901487499, ""spectral_radius"": 3.6745529174804688, ""spectral_norm"": 3.674553871154785, ""done"": false, ""training_iteration"": 72, ""trial_id"": ""cb93cf52"", ""date"": ""2025-12-09_14-43-02"", ""timestamp"": 1765287782, ""time_this_iter_s"": 16.740787506103516, ""time_total_s"": 1201.725817680359, ""pid"": 1834164, ""hostname"": ""c4130-p100"", ""node_ip"": ""131.114.50.210"", ""config"": {""dataset"": ""forda"", ""permute_seed"": null, ""train_batch_size"": 128, ""eval_batch_size"": 128, ""block_sizes"": [6, 38, 4], ""block_config"": 3, ""coupling_block_init_fn"": [""uniform""], ""coupling_topology"": 30.713083586283055, ""eul_step"": 0.1, ""activation"": ""relu"", ""dtype"": ""torch.float32"", ""decay_epochs"": [80, 160], ""decay_scalar"": 0.1, ""check_stability"": true, ""max_epochs"": 300, ""n_trials"": 1000, ""gating"": true, ""gate_bounds"": [3.253168916422075e-06, 0.3154955643942932], ""coupling_rescaling"": ""unconstrained"", ""initialisation"": ""default"", ""block_structure"": ""identity"", ""model_mode"": ""standard"", ""lr"": 0.09390584586467486, ""weight_decay"": 0.0001994755901487499, ""lr_scheduler"": ""onecycle"", ""use_layer_norm"": false, ""use_attention_pooling"": false, ""root"": ""/storagenfs/a052721/AdaDiag/src/rnn-of-rnns/data/forda""}, ""time_since_restore"": 1201.725817680359, ""iterations_since_restore"": 72}
"
"/storagenfs/a052721/AdaDiag/bayesian_search/forda/enhanced_rnnassembly/BayesianRNNAssemblyTrainable_2025-12-06_20-35-45/BayesianRNNAssemblyTrainable_15f840eb_565_activation=relu,block_config=3,block_sizes=fn_ph_1dd10ec3,block_structure=identity,check_2025-12-10_10-53-54/result.json",15f840eb,105,0.9439484126984126,0.975316011235955,0.06650415677577257,0.1591980970568127,128,0.06268266683283184,9696,2025-12-10_11-29-03,"{""train_loss"": 0.06650415677577257, ""train_acc"": 0.975316011235955, ""test_loss"": 0.1591980970568127, ""test_acc"": 0.9439484126984126, ""n_trainable_params"": 9696, ""lr"": 0.06268266683283184, ""weight_decay"": 0.00014665267500054465, ""spectral_radius"": 5.161255836486816, ""spectral_norm"": 5.1614766120910645, ""done"": false, ""training_iteration"": 105, ""trial_id"": ""15f840eb"", ""date"": ""2025-12-10_11-29-03"", ""timestamp"": 1765362543, ""time_this_iter_s"": 14.864432573318481, ""time_total_s"": 1967.531331539154, ""pid"": 2204154, ""hostname"": ""c4130-p100"", ""node_ip"": ""131.114.50.210"", ""config"": {""dataset"": ""forda"", ""permute_seed"": null, ""train_batch_size"": 128, ""eval_batch_size"": 128, ""block_sizes"": [14, 131, 28, 4, 3, 144, 19, 35, 2, 55], ""block_config"": 3, ""coupling_block_init_fn"": [""uniform""], ""coupling_topology"": 31.73833117024093, ""eul_step"": 0.1, ""activation"": ""relu"", ""dtype"": ""torch.float32"", ""decay_epochs"": [80, 160], ""decay_scalar"": 0.1, ""check_stability"": true, ""max_epochs"": 300, ""n_trials"": 1000, ""gating"": true, ""gate_bounds"": [5.440026954647706e-05, 0.19290724567273076], ""coupling_rescaling"": ""unconstrained"", ""initialisation"": ""default"", ""block_structure"": ""identity"", ""model_mode"": ""standard"", ""lr"": 0.06268266683283184, ""weight_decay"": 0.00014665267500054465, ""lr_scheduler"": ""onecycle"", ""use_layer_norm"": false, ""use_attention_pooling"": true, ""root"": ""/storagenfs/a052721/AdaDiag/src/rnn-of-rnns/data/forda""}, ""time_since_restore"": 1967.531331539154, ""iterations_since_restore"": 105}
"
"/storagenfs/a052721/AdaDiag/bayesian_search/forda/enhanced_rnnassembly/BayesianRNNAssemblyTrainable_2025-12-06_20-35-45/BayesianRNNAssemblyTrainable_3080764d_539_activation=relu,block_config=3,block_sizes=fn_ph_1dd10ec3,block_structure=identity,check_2025-12-10_05-46-34/result.json",3080764d,227,0.9434523809523809,0.9425517907303371,0.1385546326637268,0.18217120236820644,128,0.0666532100390232,2800,2025-12-10_06-50-44,"{""train_loss"": 0.1385546326637268, ""train_acc"": 0.9425517907303371, ""test_loss"": 0.18217120236820644, ""test_acc"": 0.9434523809523809, ""n_trainable_params"": 2800, ""lr"": 0.0666532100390232, ""weight_decay"": 0.00012951711447165736, ""spectral_radius"": 2.5584657192230225, ""spectral_norm"": 2.5584628582000732, ""done"": false, ""training_iteration"": 227, ""trial_id"": ""3080764d"", ""date"": ""2025-12-10_06-50-44"", ""timestamp"": 1765345844, ""time_this_iter_s"": 14.993849992752075, ""time_total_s"": 3744.5016095638275, ""pid"": 2112582, ""hostname"": ""c4130-p100"", ""node_ip"": ""131.114.50.210"", ""config"": {""dataset"": ""forda"", ""permute_seed"": null, ""train_batch_size"": 128, ""eval_batch_size"": 128, ""block_sizes"": [48, 2], ""block_config"": 3, ""coupling_block_init_fn"": [""uniform""], ""coupling_topology"": 39.58639144513362, ""eul_step"": 0.1, ""activation"": ""relu"", ""dtype"": ""torch.float32"", ""decay_epochs"": [80, 160], ""decay_scalar"": 0.1, ""check_stability"": true, ""max_epochs"": 300, ""n_trials"": 1000, ""gating"": true, ""gate_bounds"": [1.8730011597074432e-06, 0.35981465972519583], ""coupling_rescaling"": ""unconstrained"", ""initialisation"": ""default"", ""block_structure"": ""identity"", ""model_mode"": ""standard"", ""lr"": 0.0666532100390232, ""weight_decay"": 0.00012951711447165736, ""lr_scheduler"": ""onecycle"", ""use_layer_norm"": false, ""use_attention_pooling"": true, ""root"": ""/storagenfs/a052721/AdaDiag/src/rnn-of-rnns/data/forda""}, ""time_since_restore"": 3744.5016095638275, ""iterations_since_restore"": 227}
"
"/storagenfs/a052721/AdaDiag/bayesian_search/forda/enhanced_rnnassembly/BayesianRNNAssemblyTrainable_2025-12-06_20-35-45/BayesianRNNAssemblyTrainable_3bf501a6_747_activation=relu,block_config=3,block_sizes=fn_ph_1dd10ec3,block_structure=identity,check_2025-12-11_20-01-45/result.json",3bf501a6,195,0.943328373015873,0.952782654494382,0.11632139198482036,0.14681269807948005,128,0.09868783893197788,40931,2025-12-11_21-02-38,"{""train_loss"": 0.11632139198482036, ""train_acc"": 0.952782654494382, ""test_loss"": 0.14681269807948005, ""test_acc"": 0.943328373015873, ""n_trainable_params"": 40931, ""lr"": 0.09868783893197788, ""weight_decay"": 5.424609266787034e-05, ""spectral_radius"": 5.191500186920166, ""spectral_norm"": 5.191593170166016, ""done"": false, ""training_iteration"": 195, ""trial_id"": ""3bf501a6"", ""date"": ""2025-12-11_21-02-38"", ""timestamp"": 1765483358, ""time_this_iter_s"": 17.58043074607849, ""time_total_s"": 3472.07244181633, ""pid"": 2780890, ""hostname"": ""c4130-p100"", ""node_ip"": ""131.114.50.210"", ""config"": {""dataset"": ""forda"", ""permute_seed"": null, ""train_batch_size"": 128, ""eval_batch_size"": 128, ""block_sizes"": [197, 19], ""block_config"": 3, ""coupling_block_init_fn"": [""uniform""], ""coupling_topology"": 237.01499704792658, ""eul_step"": 0.1, ""activation"": ""relu"", ""dtype"": ""torch.float32"", ""decay_epochs"": [80, 160], ""decay_scalar"": 0.1, ""check_stability"": true, ""max_epochs"": 250, ""n_trials"": 1000, ""gating"": true, ""gate_bounds"": [8.958704468181717e-06, 0.18725384864136344], ""coupling_rescaling"": ""unconstrained"", ""initialisation"": ""default"", ""block_structure"": ""identity"", ""model_mode"": ""standard"", ""lr"": 0.09868783893197788, ""weight_decay"": 5.424609266787034e-05, ""lr_scheduler"": ""onecycle"", ""use_layer_norm"": false, ""use_attention_pooling"": true, ""root"": ""/storagenfs/a052721/AdaDiag/src/rnn-of-rnns/data/forda""}, ""time_since_restore"": 3472.07244181633, ""iterations_since_restore"": 195}
"
"/storagenfs/a052721/AdaDiag/bayesian_search/forda/enhanced_rnnassembly/BayesianRNNAssemblyTrainable_2025-12-06_20-35-45/BayesianRNNAssemblyTrainable_3ac90dff_427_activation=relu,block_config=3,block_sizes=fn_ph_1dd10ec3,block_structure=identity,check_2025-12-09_12-59-52/result.json",3ac90dff,30,0.943328373015873,0.9432847612359551,0.14546708427369595,0.159748880399598,128,0.09999408986374389,2580,2025-12-09_13-08-35,"{""train_loss"": 0.14546708427369595, ""train_acc"": 0.9432847612359551, ""test_loss"": 0.159748880399598, ""test_acc"": 0.943328373015873, ""n_trainable_params"": 2580, ""lr"": 0.09999408986374389, ""weight_decay"": 0.00023733791349538652, ""spectral_radius"": 4.4939188957214355, ""spectral_norm"": 4.493980884552002, ""done"": false, ""training_iteration"": 30, ""trial_id"": ""3ac90dff"", ""date"": ""2025-12-09_13-08-35"", ""timestamp"": 1765282115, ""time_this_iter_s"": 19.419281721115112, ""time_total_s"": 483.0645041465759, ""pid"": 1810638, ""hostname"": ""c4130-p100"", ""node_ip"": ""131.114.50.210"", ""config"": {""dataset"": ""forda"", ""permute_seed"": null, ""train_batch_size"": 128, ""eval_batch_size"": 128, ""block_sizes"": [9, 80, 7, 72, 5, 57, 50, 11, 4], ""block_config"": 3, ""coupling_block_init_fn"": [""uniform""], ""coupling_topology"": 9.167550838646315, ""eul_step"": 0.1, ""activation"": ""relu"", ""dtype"": ""torch.float32"", ""decay_epochs"": [80, 160], ""decay_scalar"": 0.1, ""check_stability"": true, ""max_epochs"": 300, ""n_trials"": 1000, ""gating"": true, ""gate_bounds"": [7.452373621327198e-05, 0.19733312641528936], ""coupling_rescaling"": ""unconstrained"", ""initialisation"": ""default"", ""block_structure"": ""identity"", ""model_mode"": ""standard"", ""lr"": 0.09999408986374389, ""weight_decay"": 0.00023733791349538652, ""lr_scheduler"": ""onecycle"", ""use_layer_norm"": false, ""use_attention_pooling"": false, ""root"": ""/storagenfs/a052721/AdaDiag/src/rnn-of-rnns/data/forda""}, ""time_since_restore"": 483.0645041465759, ""iterations_since_restore"": 30}
"
"/storagenfs/a052721/AdaDiag/bayesian_search/forda/enhanced_rnnassembly/BayesianRNNAssemblyTrainable_2025-12-06_20-35-45/BayesianRNNAssemblyTrainable_d05d0e97_571_activation=relu,block_config=3,block_sizes=fn_ph_1dd10ec3,block_structure=identity,check_2025-12-10_12-20-00/result.json",d05d0e97,48,0.9430803571428571,0.9494864817415729,0.1271768819540739,0.20336873829364777,128,0.0567144683002238,18184,2025-12-10_12-47-18,"{""train_loss"": 0.1271768819540739, ""train_acc"": 0.9494864817415729, ""test_loss"": 0.20336873829364777, ""test_acc"": 0.9430803571428571, ""n_trainable_params"": 18184, ""lr"": 0.0567144683002238, ""weight_decay"": 0.00019751457856001978, ""spectral_radius"": 6.024332046508789, ""spectral_norm"": 6.024803638458252, ""done"": false, ""training_iteration"": 48, ""trial_id"": ""d05d0e97"", ""date"": ""2025-12-10_12-47-18"", ""timestamp"": 1765367238, ""time_this_iter_s"": 21.209712028503418, ""time_total_s"": 914.4253087043762, ""pid"": 2233296, ""hostname"": ""c4130-p100"", ""node_ip"": ""131.114.50.210"", ""config"": {""dataset"": ""forda"", ""permute_seed"": null, ""train_batch_size"": 128, ""eval_batch_size"": 128, ""block_sizes"": [24, 193, 143, 45, 124, 58, 6, 67, 2], ""block_config"": 3, ""coupling_block_init_fn"": [""uniform""], ""coupling_topology"": 22.62958898879587, ""eul_step"": 0.1, ""activation"": ""relu"", ""dtype"": ""torch.float32"", ""decay_epochs"": [80, 160], ""decay_scalar"": 0.1, ""check_stability"": true, ""max_epochs"": 300, ""n_trials"": 1000, ""gating"": true, ""gate_bounds"": [5.421741213346427e-06, 0.1354881636330504], ""coupling_rescaling"": ""unconstrained"", ""initialisation"": ""default"", ""block_structure"": ""identity"", ""model_mode"": ""standard"", ""lr"": 0.0567144683002238, ""weight_decay"": 0.00019751457856001978, ""lr_scheduler"": ""onecycle"", ""use_layer_norm"": false, ""use_attention_pooling"": true, ""root"": ""/storagenfs/a052721/AdaDiag/src/rnn-of-rnns/data/forda""}, ""time_since_restore"": 914.4253087043762, ""iterations_since_restore"": 48}
"
"/storagenfs/a052721/AdaDiag/bayesian_search/forda/enhanced_rnnassembly/BayesianRNNAssemblyTrainable_2025-12-06_20-35-45/BayesianRNNAssemblyTrainable_bf8d941a_303_activation=relu,block_config=3,block_sizes=fn_ph_1dd10ec3,block_structure=identity,check_2025-12-08_16-25-50/result.json",bf8d941a,64,0.9428323412698413,0.9523920294943821,0.12650354579091072,0.1591582658390204,128,0.03647973874417908,49740,2025-12-08_16-44-29,"{""train_loss"": 0.12650354579091072, ""train_acc"": 0.9523920294943821, ""test_loss"": 0.1591582658390204, ""test_acc"": 0.9428323412698413, ""n_trainable_params"": 49740, ""lr"": 0.03647973874417908, ""weight_decay"": 0.00017743265242169858, ""spectral_radius"": 4.274024486541748, ""spectral_norm"": 4.274062633514404, ""done"": false, ""training_iteration"": 64, ""trial_id"": ""bf8d941a"", ""date"": ""2025-12-08_16-44-29"", ""timestamp"": 1765208669, ""time_this_iter_s"": 14.281327724456787, ""time_total_s"": 1027.520467042923, ""pid"": 1444609, ""hostname"": ""c4130-p100"", ""node_ip"": ""131.114.50.210"", ""config"": {""dataset"": ""forda"", ""permute_seed"": null, ""train_batch_size"": 128, ""eval_batch_size"": 128, ""block_sizes"": [127, 5, 30], ""block_config"": 3, ""coupling_block_init_fn"": [""uniform""], ""coupling_topology"": 9.59173681606295, ""eul_step"": 0.1, ""activation"": ""relu"", ""dtype"": ""torch.float32"", ""decay_epochs"": [80, 160], ""decay_scalar"": 0.1, ""check_stability"": true, ""max_epochs"": 300, ""n_trials"": 1000, ""gating"": true, ""gate_bounds"": [1.14549059035309e-05, 0.21920996997297107], ""coupling_rescaling"": ""unconstrained"", ""initialisation"": ""default"", ""block_structure"": ""identity"", ""model_mode"": ""standard"", ""lr"": 0.03647973874417908, ""weight_decay"": 0.00017743265242169858, ""lr_scheduler"": ""onecycle"", ""use_layer_norm"": false, ""use_attention_pooling"": false, ""root"": ""/storagenfs/a052721/AdaDiag/src/rnn-of-rnns/data/forda""}, ""time_since_restore"": 1027.520467042923, ""iterations_since_restore"": 64}
"
"/storagenfs/a052721/AdaDiag/bayesian_search/forda/enhanced_rnnassembly/BayesianRNNAssemblyTrainable_2025-12-06_20-35-45/BayesianRNNAssemblyTrainable_b59aa92f_481_activation=relu,block_config=3,block_sizes=fn_ph_1dd10ec3,block_structure=identity,check_2025-12-09_21-41-24/result.json",b59aa92f,49,0.9428323412698413,0.966893433988764,0.09200683310627937,0.18757285012139213,128,0.057659229282017554,1314,2025-12-09_22-12-45,"{""train_loss"": 0.09200683310627937, ""train_acc"": 0.966893433988764, ""test_loss"": 0.18757285012139213, ""test_acc"": 0.9428323412698413, ""n_trainable_params"": 1314, ""lr"": 0.057659229282017554, ""weight_decay"": 2.0084375727825933e-05, ""spectral_radius"": 4.009415149688721, ""spectral_norm"": 4.0094780921936035, ""done"": false, ""training_iteration"": 49, ""trial_id"": ""b59aa92f"", ""date"": ""2025-12-09_22-12-45"", ""timestamp"": 1765314765, ""time_this_iter_s"": 16.69270348548889, ""time_total_s"": 843.4452254772186, ""pid"": 1971630, ""hostname"": ""c4130-p100"", ""node_ip"": ""131.114.50.210"", ""config"": {""dataset"": ""forda"", ""permute_seed"": null, ""train_batch_size"": 128, ""eval_batch_size"": 128, ""block_sizes"": [11, 117, 25], ""block_config"": 3, ""coupling_block_init_fn"": [""uniform""], ""coupling_topology"": 3.263519939109144, ""eul_step"": 0.1, ""activation"": ""relu"", ""dtype"": ""torch.float32"", ""decay_epochs"": [80, 160], ""decay_scalar"": 0.1, ""check_stability"": true, ""max_epochs"": 300, ""n_trials"": 1000, ""gating"": true, ""gate_bounds"": [0.00012003634384254837, 0.3398408045375326], ""coupling_rescaling"": ""unconstrained"", ""initialisation"": ""default"", ""block_structure"": ""identity"", ""model_mode"": ""standard"", ""lr"": 0.057659229282017554, ""weight_decay"": 2.0084375727825933e-05, ""lr_scheduler"": ""onecycle"", ""use_layer_norm"": false, ""use_attention_pooling"": false, ""root"": ""/storagenfs/a052721/AdaDiag/src/rnn-of-rnns/data/forda""}, ""time_since_restore"": 843.4452254772186, ""iterations_since_restore"": 49}
"
"/storagenfs/a052721/AdaDiag/bayesian_search/forda/enhanced_rnnassembly/BayesianRNNAssemblyTrainable_2025-12-06_20-35-45/BayesianRNNAssemblyTrainable_a1c6429f_625_activation=relu,block_config=3,block_sizes=fn_ph_1dd10ec3,block_structure=identity,check_2025-12-10_23-12-12/result.json",a1c6429f,260,0.9425843253968255,0.9374253862359551,0.14788189791142942,0.1623556920223766,128,0.02593173926239001,282,2025-12-11_00-36-23,"{""train_loss"": 0.14788189791142942, ""train_acc"": 0.9374253862359551, ""test_loss"": 0.1623556920223766, ""test_acc"": 0.9425843253968255, ""n_trainable_params"": 282, ""lr"": 0.02593173926239001, ""weight_decay"": 4.237772008155271e-05, ""spectral_radius"": 3.695878744125366, ""spectral_norm"": 3.6958811283111572, ""done"": false, ""training_iteration"": 260, ""trial_id"": ""a1c6429f"", ""date"": ""2025-12-11_00-36-23"", ""timestamp"": 1765409783, ""time_this_iter_s"": 19.218440771102905, ""time_total_s"": 4857.798280954361, ""pid"": 2416898, ""hostname"": ""c4130-p100"", ""node_ip"": ""131.114.50.210"", ""config"": {""dataset"": ""forda"", ""permute_seed"": null, ""train_batch_size"": 128, ""eval_batch_size"": 128, ""block_sizes"": [4, 39], ""block_config"": 3, ""coupling_block_init_fn"": [""uniform""], ""coupling_topology"": 107.06231393241339, ""eul_step"": 0.1, ""activation"": ""relu"", ""dtype"": ""torch.float32"", ""decay_epochs"": [80, 160], ""decay_scalar"": 0.1, ""check_stability"": true, ""max_epochs"": 250, ""n_trials"": 1000, ""gating"": true, ""gate_bounds"": [6.1421800399969e-05, 0.26536023138913], ""coupling_rescaling"": ""unconstrained"", ""initialisation"": ""default"", ""block_structure"": ""identity"", ""model_mode"": ""standard"", ""lr"": 0.02593173926239001, ""weight_decay"": 4.237772008155271e-05, ""lr_scheduler"": ""onecycle"", ""use_layer_norm"": false, ""use_attention_pooling"": false, ""root"": ""/storagenfs/a052721/AdaDiag/src/rnn-of-rnns/data/forda""}, ""time_since_restore"": 4857.798280954361, ""iterations_since_restore"": 260}
"
"/storagenfs/a052721/AdaDiag/bayesian_search/forda/enhanced_rnnassembly/BayesianRNNAssemblyTrainable_2025-12-06_20-35-45/BayesianRNNAssemblyTrainable_296826b7_449_activation=relu,block_config=3,block_sizes=fn_ph_1dd10ec3,block_structure=identity,check_2025-12-09_17-50-40/result.json",296826b7,32,0.9425843253968255,0.9488017907303371,0.13340076971799136,0.19906261894438002,128,0.06095031650257605,577254,2025-12-09_17-59-29,"{""train_loss"": 0.13340076971799136, ""train_acc"": 0.9488017907303371, ""test_loss"": 0.19906261894438002, ""test_acc"": 0.9425843253968255, ""n_trainable_params"": 577254, ""lr"": 0.06095031650257605, ""weight_decay"": 0.00014536907283951096, ""spectral_radius"": 3.896871566772461, ""spectral_norm"": 3.897230386734009, ""done"": false, ""training_iteration"": 32, ""trial_id"": ""296826b7"", ""date"": ""2025-12-09_17-59-29"", ""timestamp"": 1765299569, ""time_this_iter_s"": 16.596049308776855, ""time_total_s"": 516.5476586818695, ""pid"": 1895997, ""hostname"": ""c4130-p100"", ""node_ip"": ""131.114.50.210"", ""config"": {""dataset"": ""forda"", ""permute_seed"": null, ""train_batch_size"": 128, ""eval_batch_size"": 128, ""block_sizes"": [178, 243, 157, 2, 10, 3, 2, 2, 7, 4, 25, 3, 4, 2, 70], ""block_config"": 3, ""coupling_block_init_fn"": [""uniform""], ""coupling_topology"": 18.621701948133918, ""eul_step"": 0.1, ""activation"": ""relu"", ""dtype"": ""torch.float32"", ""decay_epochs"": [80, 160], ""decay_scalar"": 0.1, ""check_stability"": true, ""max_epochs"": 300, ""n_trials"": 1000, ""gating"": true, ""gate_bounds"": [0.005920031247222249, 0.3577581023641438], ""coupling_rescaling"": ""unconstrained"", ""initialisation"": ""default"", ""block_structure"": ""identity"", ""model_mode"": ""standard"", ""lr"": 0.06095031650257605, ""weight_decay"": 0.00014536907283951096, ""lr_scheduler"": ""onecycle"", ""use_layer_norm"": false, ""use_attention_pooling"": false, ""root"": ""/storagenfs/a052721/AdaDiag/src/rnn-of-rnns/data/forda""}, ""time_since_restore"": 516.5476586818695, ""iterations_since_restore"": 32}
"
"/storagenfs/a052721/AdaDiag/bayesian_search/forda/enhanced_rnnassembly/BayesianRNNAssemblyTrainable_2025-12-06_20-35-45/BayesianRNNAssemblyTrainable_d2af4e8d_722_activation=relu,block_config=3,block_sizes=fn_ph_1dd10ec3,block_structure=identity,check_2025-12-11_15-09-45/result.json",d2af4e8d,34,0.9423363095238096,0.947923981741573,0.13655027821660043,0.1645282225476371,128,0.07667745203182944,3108,2025-12-11_15-20-47,"{""train_loss"": 0.13655027821660043, ""train_acc"": 0.947923981741573, ""test_loss"": 0.1645282225476371, ""test_acc"": 0.9423363095238096, ""n_trainable_params"": 3108, ""lr"": 0.07667745203182944, ""weight_decay"": 6.458312985073073e-05, ""spectral_radius"": 4.815154075622559, ""spectral_norm"": 4.815234661102295, ""done"": false, ""training_iteration"": 34, ""trial_id"": ""d2af4e8d"", ""date"": ""2025-12-11_15-20-47"", ""timestamp"": 1765462847, ""time_this_iter_s"": 14.566761255264282, ""time_total_s"": 617.7210259437561, ""pid"": 2697155, ""hostname"": ""c4130-p100"", ""node_ip"": ""131.114.50.210"", ""config"": {""dataset"": ""forda"", ""permute_seed"": null, ""train_batch_size"": 128, ""eval_batch_size"": 128, ""block_sizes"": [26, 37, 104], ""block_config"": 3, ""coupling_block_init_fn"": [""uniform""], ""coupling_topology"": 228.41262194974698, ""eul_step"": 0.1, ""activation"": ""relu"", ""dtype"": ""torch.float32"", ""decay_epochs"": [80, 160], ""decay_scalar"": 0.1, ""check_stability"": true, ""max_epochs"": 200, ""n_trials"": 1000, ""gating"": true, ""gate_bounds"": [0.003903527897308874, 0.21710230841663972], ""coupling_rescaling"": ""unconstrained"", ""initialisation"": ""default"", ""block_structure"": ""identity"", ""model_mode"": ""standard"", ""lr"": 0.07667745203182944, ""weight_decay"": 6.458312985073073e-05, ""lr_scheduler"": ""onecycle"", ""use_layer_norm"": false, ""use_attention_pooling"": false, ""root"": ""/storagenfs/a052721/AdaDiag/src/rnn-of-rnns/data/forda""}, ""time_since_restore"": 617.7210259437561, ""iterations_since_restore"": 34}
"
"/storagenfs/a052721/AdaDiag/bayesian_search/forda/enhanced_rnnassembly/BayesianRNNAssemblyTrainable_2025-12-06_20-35-45/BayesianRNNAssemblyTrainable_8f5962ac_603_activation=relu,block_config=3,block_sizes=fn_ph_1dd10ec3,block_structure=identity,check_2025-12-10_18-23-39/result.json",8f5962ac,233,0.9422123015873015,0.939988588483146,0.15434409640729427,0.152144322792689,128,0.06263957439880646,3027,2025-12-10_20-55-04,"{""train_loss"": 0.15434409640729427, ""train_acc"": 0.939988588483146, ""test_loss"": 0.152144322792689, ""test_acc"": 0.9422123015873015, ""n_trainable_params"": 3027, ""lr"": 0.06263957439880646, ""weight_decay"": 3.5877020709240064e-05, ""spectral_radius"": 3.4433536529541016, ""spectral_norm"": 3.4433438777923584, ""done"": false, ""training_iteration"": 233, ""trial_id"": ""8f5962ac"", ""date"": ""2025-12-10_20-55-04"", ""timestamp"": 1765396504, ""time_this_iter_s"": 14.413501262664795, ""time_total_s"": 4358.86833024025, ""pid"": 2356066, ""hostname"": ""c4130-p100"", ""node_ip"": ""131.114.50.210"", ""config"": {""dataset"": ""forda"", ""permute_seed"": null, ""train_batch_size"": 128, ""eval_batch_size"": 128, ""block_sizes"": [51, 3], ""block_config"": 3, ""coupling_block_init_fn"": [""uniform""], ""coupling_topology"": 151.8838984149654, ""eul_step"": 0.1, ""activation"": ""relu"", ""dtype"": ""torch.float32"", ""decay_epochs"": [80, 160], ""decay_scalar"": 0.1, ""check_stability"": true, ""max_epochs"": 300, ""n_trials"": 1000, ""gating"": true, ""gate_bounds"": [0.0015469564328392134, 0.27861118730857987], ""coupling_rescaling"": ""unconstrained"", ""initialisation"": ""default"", ""block_structure"": ""identity"", ""model_mode"": ""standard"", ""lr"": 0.06263957439880646, ""weight_decay"": 3.5877020709240064e-05, ""lr_scheduler"": ""onecycle"", ""use_layer_norm"": false, ""use_attention_pooling"": false, ""root"": ""/storagenfs/a052721/AdaDiag/src/rnn-of-rnns/data/forda""}, ""time_since_restore"": 4358.86833024025, ""iterations_since_restore"": 233}
"
"/storagenfs/a052721/AdaDiag/bayesian_search/forda/enhanced_rnnassembly/BayesianRNNAssemblyTrainable_2025-12-06_20-35-45/BayesianRNNAssemblyTrainable_f083827d_47_activation=relu,block_config=3,block_sizes=fn_ph_1dd10ec3,block_structure=identity,check__2025-12-07_04-30-21/result.json",f083827d,113,0.9419642857142857,0.9591292134831461,0.10990253258496523,0.17899375822809008,128,0.045244938018912495,858,2025-12-07_05-07-29,"{""train_loss"": 0.10990253258496523, ""train_acc"": 0.9591292134831461, ""test_loss"": 0.17899375822809008, ""test_acc"": 0.9419642857142857, ""n_trainable_params"": 858, ""lr"": 0.045244938018912495, ""weight_decay"": 1.1115309153851216e-06, ""spectral_radius"": 3.1583893299102783, ""spectral_norm"": 3.158395290374756, ""done"": false, ""training_iteration"": 113, ""trial_id"": ""f083827d"", ""date"": ""2025-12-07_05-07-29"", ""timestamp"": 1765080449, ""time_this_iter_s"": 14.977232456207275, ""time_total_s"": 1679.6718719005585, ""pid"": 784651, ""hostname"": ""c4130-p100"", ""node_ip"": ""131.114.50.210"", ""config"": {""dataset"": ""forda"", ""permute_seed"": null, ""train_batch_size"": 128, ""eval_batch_size"": 128, ""block_sizes"": [18, 65], ""block_config"": 3, ""coupling_block_init_fn"": [""uniform""], ""coupling_topology"": 88.2859483449042, ""eul_step"": 0.1, ""activation"": ""relu"", ""dtype"": ""torch.float32"", ""decay_epochs"": [80, 160], ""decay_scalar"": 0.1, ""check_stability"": true, ""max_epochs"": 250, ""n_trials"": 1000, ""gating"": true, ""gate_bounds"": [0.001364019111721827, 0.5231463443796559], ""coupling_rescaling"": ""unconstrained"", ""initialisation"": ""default"", ""block_structure"": ""identity"", ""model_mode"": ""standard"", ""lr"": 0.045244938018912495, ""weight_decay"": 1.1115309153851216e-06, ""lr_scheduler"": ""onecycle"", ""use_layer_norm"": false, ""use_attention_pooling"": false, ""root"": ""/storagenfs/a052721/AdaDiag/src/rnn-of-rnns/data/forda""}, ""time_since_restore"": 1679.6718719005585, ""iterations_since_restore"": 113}
"
"/storagenfs/a052721/AdaDiag/bayesian_search/forda/enhanced_rnnassembly/BayesianRNNAssemblyTrainable_2025-12-06_20-35-45/BayesianRNNAssemblyTrainable_9b0992d6_204_activation=relu,block_config=3,block_sizes=fn_ph_1dd10ec3,block_structure=identity,check_2025-12-08_00-16-01/result.json",9b0992d6,76,0.9419642857142857,0.9520979634831461,0.12589792385697365,0.1691646236512396,128,0.07079429441315739,3057,2025-12-08_00-36-14,"{""train_loss"": 0.12589792385697365, ""train_acc"": 0.9520979634831461, ""test_loss"": 0.1691646236512396, ""test_acc"": 0.9419642857142857, ""n_trainable_params"": 3057, ""lr"": 0.07079429441315739, ""weight_decay"": 0.0003984602293533918, ""spectral_radius"": 2.7375786304473877, ""spectral_norm"": 2.737583875656128, ""done"": false, ""training_iteration"": 76, ""trial_id"": ""9b0992d6"", ""date"": ""2025-12-08_00-36-14"", ""timestamp"": 1765150574, ""time_this_iter_s"": 14.236087322235107, ""time_total_s"": 1188.7687578201294, ""pid"": 1150935, ""hostname"": ""c4130-p100"", ""node_ip"": ""131.114.50.210"", ""config"": {""dataset"": ""forda"", ""permute_seed"": null, ""train_batch_size"": 128, ""eval_batch_size"": 128, ""block_sizes"": [51, 8], ""block_config"": 3, ""coupling_block_init_fn"": [""uniform""], ""coupling_topology"": 194.54164368833148, ""eul_step"": 0.1, ""activation"": ""relu"", ""dtype"": ""torch.float32"", ""decay_epochs"": [80, 160], ""decay_scalar"": 0.1, ""check_stability"": true, ""max_epochs"": 300, ""n_trials"": 1000, ""gating"": true, ""gate_bounds"": [0.0002319526145773694, 0.5623185863129043], ""coupling_rescaling"": ""unconstrained"", ""initialisation"": ""default"", ""block_structure"": ""identity"", ""model_mode"": ""standard"", ""lr"": 0.07079429441315739, ""weight_decay"": 0.0003984602293533918, ""lr_scheduler"": ""onecycle"", ""use_layer_norm"": false, ""use_attention_pooling"": false, ""root"": ""/storagenfs/a052721/AdaDiag/src/rnn-of-rnns/data/forda""}, ""time_since_restore"": 1188.7687578201294, ""iterations_since_restore"": 76}
"
"/storagenfs/a052721/AdaDiag/bayesian_search/forda/enhanced_rnnassembly/BayesianRNNAssemblyTrainable_2025-12-06_20-35-45/BayesianRNNAssemblyTrainable_7e9fe9c5_559_activation=relu,block_config=3,block_sizes=fn_ph_1dd10ec3,block_structure=identity,check_2025-12-10_08-49-45/result.json",7e9fe9c5,43,0.9419642857142857,0.951878511235955,0.12129335179924965,0.17101629823446274,128,0.07915953934658151,173956,2025-12-10_09-41-25,"{""train_loss"": 0.12129335179924965, ""train_acc"": 0.951878511235955, ""test_loss"": 0.17101629823446274, ""test_acc"": 0.9419642857142857, ""n_trainable_params"": 173956, ""lr"": 0.07915953934658151, ""weight_decay"": 0.00013948708460785302, ""spectral_radius"": 4.8780646324157715, ""spectral_norm"": 4.87850284576416, ""done"": false, ""training_iteration"": 43, ""trial_id"": ""7e9fe9c5"", ""date"": ""2025-12-10_09-41-25"", ""timestamp"": 1765356085, ""time_this_iter_s"": 17.698288679122925, ""time_total_s"": 816.8263354301453, ""pid"": 2177873, ""hostname"": ""c4130-p100"", ""node_ip"": ""131.114.50.210"", ""config"": {""dataset"": ""forda"", ""permute_seed"": null, ""train_batch_size"": 128, ""eval_batch_size"": 128, ""block_sizes"": [68, 2, 67, 12, 6, 103, 4, 149, 40, 3, 15, 89, 2, 7, 14, 27, 39, 13, 9, 85, 4], ""block_config"": 3, ""coupling_block_init_fn"": [""uniform""], ""coupling_topology"": 36.92946723561746, ""eul_step"": 0.1, ""activation"": ""relu"", ""dtype"": ""torch.float32"", ""decay_epochs"": [80, 160], ""decay_scalar"": 0.1, ""check_stability"": true, ""max_epochs"": 300, ""n_trials"": 1000, ""gating"": true, ""gate_bounds"": [0.007296812578344677, 0.1734218281625046], ""coupling_rescaling"": ""unconstrained"", ""initialisation"": ""default"", ""block_structure"": ""identity"", ""model_mode"": ""standard"", ""lr"": 0.07915953934658151, ""weight_decay"": 0.00013948708460785302, ""lr_scheduler"": ""onecycle"", ""use_layer_norm"": false, ""use_attention_pooling"": true, ""root"": ""/storagenfs/a052721/AdaDiag/src/rnn-of-rnns/data/forda""}, ""time_since_restore"": 816.8263354301453, ""iterations_since_restore"": 43}
"
"/storagenfs/a052721/AdaDiag/bayesian_search/forda/enhanced_rnnassembly/BayesianRNNAssemblyTrainable_2025-12-06_20-35-45/BayesianRNNAssemblyTrainable_2433df98_173_activation=relu,block_config=3,block_sizes=fn_ph_1dd10ec3,block_structure=identity,check_2025-12-07_19-54-07/result.json",2433df98,62,0.9418402777777778,0.9333479634831461,0.17597829550504684,0.16365790367126465,128,0.04546400057836539,6264,2025-12-07_20-19-28,"{""train_loss"": 0.17597829550504684, ""train_acc"": 0.9333479634831461, ""test_loss"": 0.16365790367126465, ""test_acc"": 0.9418402777777778, ""n_trainable_params"": 6264, ""lr"": 0.04546400057836539, ""weight_decay"": 7.499380172422213e-05, ""spectral_radius"": 3.269056797027588, ""spectral_norm"": 3.2690699100494385, ""done"": false, ""training_iteration"": 62, ""trial_id"": ""2433df98"", ""date"": ""2025-12-07_20-19-28"", ""timestamp"": 1765135168, ""time_this_iter_s"": 14.54908275604248, ""time_total_s"": 1010.0573000907898, ""pid"": 1075359, ""hostname"": ""c4130-p100"", ""node_ip"": ""131.114.50.210"", ""config"": {""dataset"": ""forda"", ""permute_seed"": null, ""train_batch_size"": 128, ""eval_batch_size"": 128, ""block_sizes"": [44, 3, 7], ""block_config"": 3, ""coupling_block_init_fn"": [""uniform""], ""coupling_topology"": 3.871537299559632, ""eul_step"": 0.1, ""activation"": ""relu"", ""dtype"": ""torch.float32"", ""decay_epochs"": [80, 160], ""decay_scalar"": 0.1, ""check_stability"": true, ""max_epochs"": 200, ""n_trials"": 1000, ""gating"": true, ""gate_bounds"": [0.002646872274463159, 0.31037838881384205], ""coupling_rescaling"": ""unconstrained"", ""initialisation"": ""default"", ""block_structure"": ""identity"", ""model_mode"": ""standard"", ""lr"": 0.04546400057836539, ""weight_decay"": 7.499380172422213e-05, ""lr_scheduler"": ""onecycle"", ""use_layer_norm"": false, ""use_attention_pooling"": false, ""root"": ""/storagenfs/a052721/AdaDiag/src/rnn-of-rnns/data/forda""}, ""time_since_restore"": 1010.0573000907898, ""iterations_since_restore"": 62}
"
"/storagenfs/a052721/AdaDiag/bayesian_search/forda/enhanced_rnnassembly/BayesianRNNAssemblyTrainable_2025-12-06_20-35-45/BayesianRNNAssemblyTrainable_cbf4b189_372_activation=relu,block_config=3,block_sizes=fn_ph_1dd10ec3,block_structure=identity,check_2025-12-09_05-49-07/result.json",cbf4b189,46,0.9417162698412699,0.951268433988764,0.12530273757874966,0.17858038345972696,128,0.03860725175421166,2856,2025-12-09_06-08-34,"{""train_loss"": 0.12530273757874966, ""train_acc"": 0.951268433988764, ""test_loss"": 0.17858038345972696, ""test_acc"": 0.9417162698412699, ""n_trainable_params"": 2856, ""lr"": 0.03860725175421166, ""weight_decay"": 0.00037948436044592124, ""spectral_radius"": 3.2041382789611816, ""spectral_norm"": 3.204176902770996, ""done"": false, ""training_iteration"": 46, ""trial_id"": ""cbf4b189"", ""date"": ""2025-12-09_06-08-34"", ""timestamp"": 1765256914, ""time_this_iter_s"": 15.330211162567139, ""time_total_s"": 722.9506230354309, ""pid"": 1682271, ""hostname"": ""c4130-p100"", ""node_ip"": ""131.114.50.210"", ""config"": {""dataset"": ""forda"", ""permute_seed"": null, ""train_batch_size"": 128, ""eval_batch_size"": 128, ""block_sizes"": [26, 87, 12], ""block_config"": 3, ""coupling_block_init_fn"": [""uniform""], ""coupling_topology"": 32.58301475560784, ""eul_step"": 0.1, ""activation"": ""relu"", ""dtype"": ""torch.float32"", ""decay_epochs"": [80, 160], ""decay_scalar"": 0.1, ""check_stability"": true, ""max_epochs"": 300, ""n_trials"": 1000, ""gating"": true, ""gate_bounds"": [0.000279081807988746, 0.4464907735085942], ""coupling_rescaling"": ""unconstrained"", ""initialisation"": ""default"", ""block_structure"": ""identity"", ""model_mode"": ""standard"", ""lr"": 0.03860725175421166, ""weight_decay"": 0.00037948436044592124, ""lr_scheduler"": ""onecycle"", ""use_layer_norm"": false, ""use_attention_pooling"": false, ""root"": ""/storagenfs/a052721/AdaDiag/src/rnn-of-rnns/data/forda""}, ""time_since_restore"": 722.9506230354309, ""iterations_since_restore"": 46}
"
"/storagenfs/a052721/AdaDiag/bayesian_search/forda/enhanced_rnnassembly/BayesianRNNAssemblyTrainable_2025-12-06_20-35-45/BayesianRNNAssemblyTrainable_56c68370_332_activation=relu,block_config=3,block_sizes=fn_ph_1dd10ec3,block_structure=identity,check_2025-12-08_22-19-58/result.json",56c68370,198,0.9407242063492064,0.956517731741573,0.11121983844786883,0.20454095552364984,128,0.039951518843672276,222,2025-12-08_23-27-55,"{""train_loss"": 0.11121983844786883, ""train_acc"": 0.956517731741573, ""test_loss"": 0.20454095552364984, ""test_acc"": 0.9407242063492064, ""n_trainable_params"": 222, ""lr"": 0.039951518843672276, ""weight_decay"": 4.527421772960064e-05, ""spectral_radius"": 3.6806328296661377, ""spectral_norm"": 3.6806445121765137, ""done"": false, ""training_iteration"": 198, ""trial_id"": ""56c68370"", ""date"": ""2025-12-08_23-27-55"", ""timestamp"": 1765232875, ""time_this_iter_s"": 14.837928771972656, ""time_total_s"": 3066.8168618679047, ""pid"": 1553766, ""hostname"": ""c4130-p100"", ""node_ip"": ""131.114.50.210"", ""config"": {""dataset"": ""forda"", ""permute_seed"": null, ""train_batch_size"": 128, ""eval_batch_size"": 128, ""block_sizes"": [3, 2, 26], ""block_config"": 3, ""coupling_block_init_fn"": [""uniform""], ""coupling_topology"": 16.503096287226033, ""eul_step"": 0.1, ""activation"": ""relu"", ""dtype"": ""torch.float32"", ""decay_epochs"": [80, 160], ""decay_scalar"": 0.1, ""check_stability"": true, ""max_epochs"": 300, ""n_trials"": 1000, ""gating"": true, ""gate_bounds"": [6.8658515352862665e-06, 0.29250588043762876], ""coupling_rescaling"": ""unconstrained"", ""initialisation"": ""default"", ""block_structure"": ""identity"", ""model_mode"": ""standard"", ""lr"": 0.039951518843672276, ""weight_decay"": 4.527421772960064e-05, ""lr_scheduler"": ""onecycle"", ""use_layer_norm"": false, ""use_attention_pooling"": false, ""root"": ""/storagenfs/a052721/AdaDiag/src/rnn-of-rnns/data/forda""}, ""time_since_restore"": 3066.8168618679047, ""iterations_since_restore"": 198}
"
"/storagenfs/a052721/AdaDiag/bayesian_search/forda/enhanced_rnnassembly/BayesianRNNAssemblyTrainable_2025-12-06_20-35-45/BayesianRNNAssemblyTrainable_c39e18f5_683_activation=relu,block_config=3,block_sizes=fn_ph_1dd10ec3,block_structure=identity,check_2025-12-11_08-09-58/result.json",c39e18f5,105,0.9402281746031745,0.9571760884831461,0.11978964135050774,0.16696549620893267,128,0.04035510187757902,478,2025-12-11_08-43-56,"{""train_loss"": 0.11978964135050774, ""train_acc"": 0.9571760884831461, ""test_loss"": 0.16696549620893267, ""test_acc"": 0.9402281746031745, ""n_trainable_params"": 478, ""lr"": 0.04035510187757902, ""weight_decay"": 0.00017558363452085853, ""spectral_radius"": 4.459323406219482, ""spectral_norm"": 4.459343433380127, ""done"": false, ""training_iteration"": 105, ""trial_id"": ""c39e18f5"", ""date"": ""2025-12-11_08-43-56"", ""timestamp"": 1765439036, ""time_this_iter_s"": 16.83311128616333, ""time_total_s"": 1909.257251739502, ""pid"": 2575316, ""hostname"": ""c4130-p100"", ""node_ip"": ""131.114.50.210"", ""config"": {""dataset"": ""forda"", ""permute_seed"": null, ""train_batch_size"": 128, ""eval_batch_size"": 128, ""block_sizes"": [4, 40, 4, 13], ""block_config"": 3, ""coupling_block_init_fn"": [""uniform""], ""coupling_topology"": 44.842994516932784, ""eul_step"": 0.1, ""activation"": ""relu"", ""dtype"": ""torch.float32"", ""decay_epochs"": [80, 160], ""decay_scalar"": 0.1, ""check_stability"": true, ""max_epochs"": 200, ""n_trials"": 1000, ""gating"": true, ""gate_bounds"": [6.537259564341727e-06, 0.17383544515462354], ""coupling_rescaling"": ""unconstrained"", ""initialisation"": ""default"", ""block_structure"": ""identity"", ""model_mode"": ""standard"", ""lr"": 0.04035510187757902, ""weight_decay"": 0.00017558363452085853, ""lr_scheduler"": ""onecycle"", ""use_layer_norm"": false, ""use_attention_pooling"": false, ""root"": ""/storagenfs/a052721/AdaDiag/src/rnn-of-rnns/data/forda""}, ""time_since_restore"": 1909.257251739502, ""iterations_since_restore"": 105}
"
"/storagenfs/a052721/AdaDiag/bayesian_search/forda/enhanced_rnnassembly/BayesianRNNAssemblyTrainable_2025-12-06_20-35-45/BayesianRNNAssemblyTrainable_1faf4c2a_456_activation=relu,block_config=3,block_sizes=fn_ph_1dd10ec3,block_structure=identity,check_2025-12-09_18-47-17/result.json",1faf4c2a,47,0.9401041666666666,0.9666739817415729,0.09162317626178265,0.19155502402120167,128,0.07738753528390405,3012,2025-12-09_19-00-24,"{""train_loss"": 0.09162317626178265, ""train_acc"": 0.9666739817415729, ""test_loss"": 0.19155502402120167, ""test_acc"": 0.9401041666666666, ""n_trainable_params"": 3012, ""lr"": 0.07738753528390405, ""weight_decay"": 5.750679488069124e-05, ""spectral_radius"": 5.293320178985596, ""spectral_norm"": 5.293349266052246, ""done"": false, ""training_iteration"": 47, ""trial_id"": ""1faf4c2a"", ""date"": ""2025-12-09_19-00-24"", ""timestamp"": 1765303224, ""time_this_iter_s"": 15.490348815917969, ""time_total_s"": 749.7833909988403, ""pid"": 1913212, ""hostname"": ""c4130-p100"", ""node_ip"": ""131.114.50.210"", ""config"": {""dataset"": ""forda"", ""permute_seed"": null, ""train_batch_size"": 128, ""eval_batch_size"": 128, ""block_sizes"": [25, 3, 149], ""block_config"": 3, ""coupling_block_init_fn"": [""uniform""], ""coupling_topology"": 17.962128136067737, ""eul_step"": 0.1, ""activation"": ""relu"", ""dtype"": ""torch.float32"", ""decay_epochs"": [80, 160], ""decay_scalar"": 0.1, ""check_stability"": true, ""max_epochs"": 300, ""n_trials"": 1000, ""gating"": true, ""gate_bounds"": [2.6827174084537637e-05, 0.15456573670398813], ""coupling_rescaling"": ""unconstrained"", ""initialisation"": ""default"", ""block_structure"": ""identity"", ""model_mode"": ""standard"", ""lr"": 0.07738753528390405, ""weight_decay"": 5.750679488069124e-05, ""lr_scheduler"": ""onecycle"", ""use_layer_norm"": false, ""use_attention_pooling"": false, ""root"": ""/storagenfs/a052721/AdaDiag/src/rnn-of-rnns/data/forda""}, ""time_since_restore"": 749.7833909988403, ""iterations_since_restore"": 47}
"
